date,station,id,count
2020-01-01,FZS_ALT*,FZS_ALT*_3,1935
2020-01-01,FZS_ARBO,FZS_ARBO_3,3194
2020-01-01,FZS_CASS,FZS_CASS_3,413
2020-01-01,FZS_HARD,FZS_HARD_3,1041
2020-01-01,FZS_LAN*,FZS_LAN*_3,7594
2020-01-01,FZS_LETD,FZS_LETD_3,1204
2020-01-01,FZS_LIMM,FZS_LIMM_3,4948
2020-01-01,FZS_MILI,FZS_MILI_3,1015
2020-01-01,FZS_MYTH,FZS_MYTH_3,395
2020-01-01,FZS_OHM*,FZS_OHM*_3,2699
2020-01-01,FZS_ZEHN,FZS_ZEHN_3,681
2020-01-02,FZS_ALT*,FZS_ALT*_4,2289
2020-01-02,FZS_ARBO,FZS_ARBO_4,1712
2020-01-02,FZS_CASS,FZS_CASS_4,343
2020-01-02,FZS_HARD,FZS_HARD_4,1174
2020-01-02,FZS_LAN*,FZS_LAN*_4,5859
2020-01-02,FZS_LETD,FZS_LETD_4,1047
2020-01-02,FZS_LIMM,FZS_LIMM_4,4819
2020-01-02,FZS_MILI,FZS_MILI_4,1110
2020-01-02,FZS_MYTH,FZS_MYTH_4,222
2020-01-02,FZS_OHM*,FZS_OHM*_4,5927
2020-01-02,FZS_ZEHN,FZS_ZEHN_4,1037
2020-01-03,FZS_ALT*,FZS_ALT*_5,3592
2020-01-03,FZS_ARBO,FZS_ARBO_5,2647
2020-01-03,FZS_CASS,FZS_CASS_5,491
2020-01-03,FZS_HARD,FZS_HARD_5,1545
2020-01-03,FZS_LAN*,FZS_LAN*_5,9125
2020-01-03,FZS_LETD,FZS_LETD_5,1170
2020-01-03,FZS_LIMM,FZS_LIMM_5,6571
2020-01-03,FZS_MILI,FZS_MILI_5,1851
2020-01-03,FZS_MYTH,FZS_MYTH_5,284
2020-01-03,FZS_OHM*,FZS_OHM*_5,8366
2020-01-03,FZS_ZEHN,FZS_ZEHN_5,1662
2020-01-04,FZS_ALT*,FZS_ALT*_6,2695
2020-01-04,FZS_ARBO,FZS_ARBO_6,2302
2020-01-04,FZS_CASS,FZS_CASS_6,422
2020-01-04,FZS_HARD,FZS_HARD_6,1395
2020-01-04,FZS_LAN*,FZS_LAN*_6,10386
2020-01-04,FZS_LETD,FZS_LETD_6,1154
2020-01-04,FZS_LIMM,FZS_LIMM_6,6194
2020-01-04,FZS_MILI,FZS_MILI_6,1681
2020-01-04,FZS_MYTH,FZS_MYTH_6,266
2020-01-04,FZS_OHM*,FZS_OHM*_6,6574
2020-01-04,FZS_ZEHN,FZS_ZEHN_6,1596
2020-01-05,FZS_ALT*,FZS_ALT*_7,2485
2020-01-05,FZS_ARBO,FZS_ARBO_7,4837
2020-01-05,FZS_CASS,FZS_CASS_7,2179
2020-01-05,FZS_HARD,FZS_HARD_7,2295
2020-01-05,FZS_LAN*,FZS_LAN*_7,8276
2020-01-05,FZS_LETD,FZS_LETD_7,3669
2020-01-05,FZS_LIMM,FZS_LIMM_7,3909
2020-01-05,FZS_MILI,FZS_MILI_7,1225
2020-01-05,FZS_MYTH,FZS_MYTH_7,882
2020-01-05,FZS_OHM*,FZS_OHM*_7,4620
2020-01-05,FZS_ZEHN,FZS_ZEHN_7,1097
2020-01-06,FZS_ALT*,FZS_ALT*_1,5203
2020-01-06,FZS_ARBO,FZS_ARBO_1,2632
2020-01-06,FZS_CASS,FZS_CASS_1,475
2020-01-06,FZS_HARD,FZS_HARD_1,2510
2020-01-06,FZS_LAN*,FZS_LAN*_1,11160
2020-01-06,FZS_LETD,FZS_LETD_1,1365
2020-01-06,FZS_LIMM,FZS_LIMM_1,4537
2020-01-06,FZS_MILI,FZS_MILI_1,2751
2020-01-06,FZS_MYTH,FZS_MYTH_1,303
2020-01-06,FZS_OHM*,FZS_OHM*_1,9370
2020-01-06,FZS_ZEHN,FZS_ZEHN_1,1880
2020-01-07,FZS_ALT*,FZS_ALT*_2,5568
2020-01-07,FZS_ARBO,FZS_ARBO_2,2653
2020-01-07,FZS_CASS,FZS_CASS_2,483
2020-01-07,FZS_HARD,FZS_HARD_2,2436
2020-01-07,FZS_LAN*,FZS_LAN*_2,12603
2020-01-07,FZS_LETD,FZS_LETD_2,1109
2020-01-07,FZS_LIMM,FZS_LIMM_2,5128
2020-01-07,FZS_MILI,FZS_MILI_2,2771
2020-01-07,FZS_MYTH,FZS_MYTH_2,373
2020-01-07,FZS_OHM*,FZS_OHM*_2,9417
2020-01-07,FZS_ZEHN,FZS_ZEHN_2,2131
2020-01-08,FZS_ALT*,FZS_ALT*_3,5245
2020-01-08,FZS_ARBO,FZS_ARBO_3,2814
2020-01-08,FZS_CASS,FZS_CASS_3,564
2020-01-08,FZS_HARD,FZS_HARD_3,2517
2020-01-08,FZS_LAN*,FZS_LAN*_3,12536
2020-01-08,FZS_LETD,FZS_LETD_3,1342
2020-01-08,FZS_LIMM,FZS_LIMM_3,4741
2020-01-08,FZS_MILI,FZS_MILI_3,2986
2020-01-08,FZS_MYTH,FZS_MYTH_3,391
2020-01-08,FZS_OHM*,FZS_OHM*_3,9587
2020-01-08,FZS_ZEHN,FZS_ZEHN_3,1992
2020-01-09,FZS_ALT*,FZS_ALT*_4,5767
2020-01-09,FZS_ARBO,FZS_ARBO_4,3090
2020-01-09,FZS_CASS,FZS_CASS_4,662
2020-01-09,FZS_HARD,FZS_HARD_4,2900
2020-01-09,FZS_LAN*,FZS_LAN*_4,14065
2020-01-09,FZS_LETD,FZS_LETD_4,1646
2020-01-09,FZS_LIMM,FZS_LIMM_4,4883
2020-01-09,FZS_MILI,FZS_MILI_4,3429
2020-01-09,FZS_MYTH,FZS_MYTH_4,452
2020-01-09,FZS_OHM*,FZS_OHM*_4,10570
2020-01-09,FZS_ZEHN,FZS_ZEHN_4,2054
2020-01-10,FZS_ALT*,FZS_ALT*_5,5550
2020-01-10,FZS_ARBO,FZS_ARBO_5,2966
2020-01-10,FZS_CASS,FZS_CASS_5,727
2020-01-10,FZS_HARD,FZS_HARD_5,2702
2020-01-10,FZS_LAN*,FZS_LAN*_5,15534
2020-01-10,FZS_LETD,FZS_LETD_5,1378
2020-01-10,FZS_LIMM,FZS_LIMM_5,6247
2020-01-10,FZS_MILI,FZS_MILI_5,3420
2020-01-10,FZS_MYTH,FZS_MYTH_5,393
2020-01-10,FZS_OHM*,FZS_OHM*_5,9969
2020-01-10,FZS_ZEHN,FZS_ZEHN_5,2000
2020-01-11,FZS_ALT*,FZS_ALT*_6,3233
2020-01-11,FZS_ARBO,FZS_ARBO_6,3065
2020-01-11,FZS_CASS,FZS_CASS_6,686
2020-01-11,FZS_HARD,FZS_HARD_6,1787
2020-01-11,FZS_LAN*,FZS_LAN*_6,13962
2020-01-11,FZS_LETD,FZS_LETD_6,1617
2020-01-11,FZS_LIMM,FZS_LIMM_6,7109
2020-01-11,FZS_MILI,FZS_MILI_6,2793
2020-01-11,FZS_MYTH,FZS_MYTH_6,432
2020-01-11,FZS_OHM*,FZS_OHM*_6,9530
2020-01-11,FZS_ZEHN,FZS_ZEHN_6,1885
2020-01-12,FZS_ALT*,FZS_ALT*_7,2555
2020-01-12,FZS_ARBO,FZS_ARBO_7,4820
2020-01-12,FZS_CASS,FZS_CASS_7,1944
2020-01-12,FZS_HARD,FZS_HARD_7,2128
2020-01-12,FZS_LAN*,FZS_LAN*_7,9591
2020-01-12,FZS_LETD,FZS_LETD_7,3433
2020-01-12,FZS_LIMM,FZS_LIMM_7,3731
2020-01-12,FZS_MILI,FZS_MILI_7,1459
2020-01-12,FZS_MYTH,FZS_MYTH_7,778
2020-01-12,FZS_OHM*,FZS_OHM*_7,4403
2020-01-12,FZS_ZEHN,FZS_ZEHN_7,975
2020-01-13,FZS_ALT*,FZS_ALT*_1,5386
2020-01-13,FZS_ARBO,FZS_ARBO_1,2546
2020-01-13,FZS_CASS,FZS_CASS_1,479
2020-01-13,FZS_HARD,FZS_HARD_1,2676
2020-01-13,FZS_LAN*,FZS_LAN*_1,12750
2020-01-13,FZS_LETD,FZS_LETD_1,1301
2020-01-13,FZS_LIMM,FZS_LIMM_1,4641
2020-01-13,FZS_MILI,FZS_MILI_1,3007
2020-01-13,FZS_MYTH,FZS_MYTH_1,348
2020-01-13,FZS_OHM*,FZS_OHM*_1,9943
2020-01-13,FZS_ZEHN,FZS_ZEHN_1,1972
2020-01-14,FZS_ALT*,FZS_ALT*_2,5977
2020-01-14,FZS_ARBO,FZS_ARBO_2,3307
2020-01-14,FZS_CASS,FZS_CASS_2,774
2020-01-14,FZS_HARD,FZS_HARD_2,2827
2020-01-14,FZS_LAN*,FZS_LAN*_2,13569
2020-01-14,FZS_LETD,FZS_LETD_2,1517
2020-01-14,FZS_LIMM,FZS_LIMM_2,5357
2020-01-14,FZS_MILI,FZS_MILI_2,3475
2020-01-14,FZS_MYTH,FZS_MYTH_2,462
2020-01-14,FZS_OHM*,FZS_OHM*_2,11196
2020-01-14,FZS_ZEHN,FZS_ZEHN_2,2260
2020-01-15,FZS_ALT*,FZS_ALT*_3,5873
2020-01-15,FZS_ARBO,FZS_ARBO_3,3388
2020-01-15,FZS_CASS,FZS_CASS_3,872
2020-01-15,FZS_HARD,FZS_HARD_3,2785
2020-01-15,FZS_LAN*,FZS_LAN*_3,14179
2020-01-15,FZS_LETD,FZS_LETD_3,1861
2020-01-15,FZS_LIMM,FZS_LIMM_3,5305
2020-01-15,FZS_MILI,FZS_MILI_3,3509
2020-01-15,FZS_MYTH,FZS_MYTH_3,477
2020-01-15,FZS_OHM*,FZS_OHM*_3,10653
2020-01-15,FZS_ZEHN,FZS_ZEHN_3,2186
2020-01-16,FZS_ALT*,FZS_ALT*_4,5768
2020-01-16,FZS_ARBO,FZS_ARBO_4,3259
2020-01-16,FZS_CASS,FZS_CASS_4,834
2020-01-16,FZS_HARD,FZS_HARD_4,2843
2020-01-16,FZS_LAN*,FZS_LAN*_4,14290
2020-01-16,FZS_LETD,FZS_LETD_4,1960
2020-01-16,FZS_LIMM,FZS_LIMM_4,5399
2020-01-16,FZS_MILI,FZS_MILI_4,3923
2020-01-16,FZS_MYTH,FZS_MYTH_4,508
2020-01-16,FZS_OHM*,FZS_OHM*_4,10438
2020-01-16,FZS_ZEHN,FZS_ZEHN_4,2242
2020-01-17,FZS_ALT*,FZS_ALT*_5,5286
2020-01-17,FZS_ARBO,FZS_ARBO_5,2517
2020-01-17,FZS_CASS,FZS_CASS_5,481
2020-01-17,FZS_HARD,FZS_HARD_5,2514
2020-01-17,FZS_LAN*,FZS_LAN*_5,13078
2020-01-17,FZS_LETD,FZS_LETD_5,1072
2020-01-17,FZS_LIMM,FZS_LIMM_5,5848
2020-01-17,FZS_MILI,FZS_MILI_5,3492
2020-01-17,FZS_MYTH,FZS_MYTH_5,379
2020-01-17,FZS_OHM*,FZS_OHM*_5,10571
2020-01-17,FZS_ZEHN,FZS_ZEHN_5,2150
2020-01-18,FZS_ALT*,FZS_ALT*_6,3258
2020-01-18,FZS_ARBO,FZS_ARBO_6,3197
2020-01-18,FZS_CASS,FZS_CASS_6,921
2020-01-18,FZS_HARD,FZS_HARD_6,1899
2020-01-18,FZS_LAN*,FZS_LAN*_6,14574
2020-01-18,FZS_LETD,FZS_LETD_6,1966
2020-01-18,FZS_LIMM,FZS_LIMM_6,7488
2020-01-18,FZS_MILI,FZS_MILI_6,3686
2020-01-18,FZS_MYTH,FZS_MYTH_6,541
2020-01-18,FZS_OHM*,FZS_OHM*_6,8937
2020-01-18,FZS_ZEHN,FZS_ZEHN_6,1998
2020-01-19,FZS_ALT*,FZS_ALT*_7,2474
2020-01-19,FZS_ARBO,FZS_ARBO_7,3538
2020-01-19,FZS_CASS,FZS_CASS_7,1217
2020-01-19,FZS_HARD,FZS_HARD_7,1741
2020-01-19,FZS_LAN*,FZS_LAN*_7,9147
2020-01-19,FZS_LETD,FZS_LETD_7,2320
2020-01-19,FZS_LIMM,FZS_LIMM_7,4328
2020-01-19,FZS_MILI,FZS_MILI_7,1283
2020-01-19,FZS_MYTH,FZS_MYTH_7,586
2020-01-19,FZS_OHM*,FZS_OHM*_7,4208
2020-01-19,FZS_ZEHN,FZS_ZEHN_7,930
2020-01-20,FZS_ALT*,FZS_ALT*_1,5314
2020-01-20,FZS_ARBO,FZS_ARBO_1,2927
2020-01-20,FZS_CASS,FZS_CASS_1,505
2020-01-20,FZS_HARD,FZS_HARD_1,2804
2020-01-20,FZS_LAN*,FZS_LAN*_1,11978
2020-01-20,FZS_LETD,FZS_LETD_1,1226
2020-01-20,FZS_LIMM,FZS_LIMM_1,4469
2020-01-20,FZS_MILI,FZS_MILI_1,3095
2020-01-20,FZS_MYTH,FZS_MYTH_1,466
2020-01-20,FZS_OHM*,FZS_OHM*_1,9372
2020-01-20,FZS_ZEHN,FZS_ZEHN_1,1827
2020-01-21,FZS_ALT*,FZS_ALT*_2,6098
2020-01-21,FZS_ARBO,FZS_ARBO_2,3103
2020-01-21,FZS_CASS,FZS_CASS_2,669
2020-01-21,FZS_HARD,FZS_HARD_2,2597
2020-01-21,FZS_LAN*,FZS_LAN*_2,12441
2020-01-21,FZS_LETD,FZS_LETD_2,1327
2020-01-21,FZS_LIMM,FZS_LIMM_2,5154
2020-01-21,FZS_MILI,FZS_MILI_2,3110
2020-01-21,FZS_MYTH,FZS_MYTH_2,394
2020-01-21,FZS_OHM*,FZS_OHM*_2,9989
2020-01-21,FZS_ZEHN,FZS_ZEHN_2,2321
2020-01-22,FZS_ALT*,FZS_ALT*_3,5327
2020-01-22,FZS_ARBO,FZS_ARBO_3,2372
2020-01-22,FZS_CASS,FZS_CASS_3,416
2020-01-22,FZS_HARD,FZS_HARD_3,2420
2020-01-22,FZS_LAN*,FZS_LAN*_3,13241
2020-01-22,FZS_LETD,FZS_LETD_3,1043
2020-01-22,FZS_LIMM,FZS_LIMM_3,5075
2020-01-22,FZS_MILI,FZS_MILI_3,2916
2020-01-22,FZS_MYTH,FZS_MYTH_3,342
2020-01-22,FZS_OHM*,FZS_OHM*_3,9705
2020-01-22,FZS_ZEHN,FZS_ZEHN_3,1910
2020-01-23,FZS_ALT*,FZS_ALT*_4,5251
2020-01-23,FZS_ARBO,FZS_ARBO_4,2220
2020-01-23,FZS_CASS,FZS_CASS_4,333
2020-01-23,FZS_HARD,FZS_HARD_4,2446
2020-01-23,FZS_LAN*,FZS_LAN*_4,12750
2020-01-23,FZS_LETD,FZS_LETD_4,957
2020-01-23,FZS_LIMM,FZS_LIMM_4,4823
2020-01-23,FZS_MILI,FZS_MILI_4,2780
2020-01-23,FZS_MYTH,FZS_MYTH_4,265
2020-01-23,FZS_OHM*,FZS_OHM*_4,9520
2020-01-23,FZS_ZEHN,FZS_ZEHN_4,1939
2020-01-24,FZS_ALT*,FZS_ALT*_5,5477
2020-01-24,FZS_ARBO,FZS_ARBO_5,2313
2020-01-24,FZS_CASS,FZS_CASS_5,470
2020-01-24,FZS_HARD,FZS_HARD_5,2586
2020-01-24,FZS_LAN*,FZS_LAN*_5,14189
2020-01-24,FZS_LETD,FZS_LETD_5,1252
2020-01-24,FZS_LIMM,FZS_LIMM_5,5986
2020-01-24,FZS_MILI,FZS_MILI_5,3041
2020-01-24,FZS_MYTH,FZS_MYTH_5,356
2020-01-24,FZS_OHM*,FZS_OHM*_5,12196
2020-01-24,FZS_ZEHN,FZS_ZEHN_5,2057
2020-01-25,FZS_ALT*,FZS_ALT*_6,3251
2020-01-25,FZS_ARBO,FZS_ARBO_6,2239
2020-01-25,FZS_CASS,FZS_CASS_6,476
2020-01-25,FZS_HARD,FZS_HARD_6,1749
2020-01-25,FZS_LAN*,FZS_LAN*_6,13126
2020-01-25,FZS_LETD,FZS_LETD_6,1628
2020-01-25,FZS_LIMM,FZS_LIMM_6,7579
2020-01-25,FZS_MILI,FZS_MILI_6,2265
2020-01-25,FZS_MYTH,FZS_MYTH_6,415
2020-01-25,FZS_OHM*,FZS_OHM*_6,9843
2020-01-25,FZS_ZEHN,FZS_ZEHN_6,2000
2020-01-26,FZS_ALT*,FZS_ALT*_7,2811
2020-01-26,FZS_ARBO,FZS_ARBO_7,3853
2020-01-26,FZS_CASS,FZS_CASS_7,1520
2020-01-26,FZS_HARD,FZS_HARD_7,2253
2020-01-26,FZS_LAN*,FZS_LAN*_7,9481
2020-01-26,FZS_LETD,FZS_LETD_7,3206
2020-01-26,FZS_LIMM,FZS_LIMM_7,3871
2020-01-26,FZS_MILI,FZS_MILI_7,1218
2020-01-26,FZS_MYTH,FZS_MYTH_7,647
2020-01-26,FZS_OHM*,FZS_OHM*_7,4106
2020-01-26,FZS_ZEHN,FZS_ZEHN_7,1077
2020-01-27,FZS_ALT*,FZS_ALT*_1,5668
2020-01-27,FZS_ARBO,FZS_ARBO_1,2722
2020-01-27,FZS_CASS,FZS_CASS_1,613
2020-01-27,FZS_HARD,FZS_HARD_1,2708
2020-01-27,FZS_LAN*,FZS_LAN*_1,12296
2020-01-27,FZS_LETD,FZS_LETD_1,1298
2020-01-27,FZS_LIMM,FZS_LIMM_1,4596
2020-01-27,FZS_MILI,FZS_MILI_1,3005
2020-01-27,FZS_MYTH,FZS_MYTH_1,374
2020-01-27,FZS_OHM*,FZS_OHM*_1,9826
2020-01-27,FZS_ZEHN,FZS_ZEHN_1,2099
2020-01-28,FZS_ALT*,FZS_ALT*_2,4762
2020-01-28,FZS_ARBO,FZS_ARBO_2,1504
2020-01-28,FZS_CASS,FZS_CASS_2,292
2020-01-28,FZS_HARD,FZS_HARD_2,2112
2020-01-28,FZS_LAN*,FZS_LAN*_2,9476
2020-01-28,FZS_LETD,FZS_LETD_2,795
2020-01-28,FZS_LIMM,FZS_LIMM_2,4410
2020-01-28,FZS_MILI,FZS_MILI_2,2309
2020-01-28,FZS_MYTH,FZS_MYTH_2,278
2020-01-28,FZS_OHM*,FZS_OHM*_2,9064
2020-01-28,FZS_ZEHN,FZS_ZEHN_2,2113
2020-01-29,FZS_ALT*,FZS_ALT*_3,5325
2020-01-29,FZS_ARBO,FZS_ARBO_3,1435
2020-01-29,FZS_CASS,FZS_CASS_3,117
2020-01-29,FZS_HARD,FZS_HARD_3,2228
2020-01-29,FZS_LAN*,FZS_LAN*_3,10936
2020-01-29,FZS_LETD,FZS_LETD_3,848
2020-01-29,FZS_LIMM,FZS_LIMM_3,5344
2020-01-29,FZS_MILI,FZS_MILI_3,2509
2020-01-29,FZS_MYTH,FZS_MYTH_3,334
2020-01-29,FZS_OHM*,FZS_OHM*_3,9587
2020-01-29,FZS_ZEHN,FZS_ZEHN_3,1965
2020-01-30,FZS_ALT*,FZS_ALT*_4,5567
2020-01-30,FZS_ARBO,FZS_ARBO_4,2473
2020-01-30,FZS_CASS,FZS_CASS_4,652
2020-01-30,FZS_HARD,FZS_HARD_4,2595
2020-01-30,FZS_LAN*,FZS_LAN*_4,12812
2020-01-30,FZS_LETD,FZS_LETD_4,1307
2020-01-30,FZS_LIMM,FZS_LIMM_4,5389
2020-01-30,FZS_MILI,FZS_MILI_4,3249
2020-01-30,FZS_MYTH,FZS_MYTH_4,376
2020-01-30,FZS_OHM*,FZS_OHM*_4,11243
2020-01-30,FZS_ZEHN,FZS_ZEHN_4,2288
2020-01-31,FZS_ALT*,FZS_ALT*_5,5580
2020-01-31,FZS_ARBO,FZS_ARBO_5,3041
2020-01-31,FZS_CASS,FZS_CASS_5,751
2020-01-31,FZS_HARD,FZS_HARD_5,2556
2020-01-31,FZS_LAN*,FZS_LAN*_5,16043
2020-01-31,FZS_LETD,FZS_LETD_5,1751
2020-01-31,FZS_LIMM,FZS_LIMM_5,6311
2020-01-31,FZS_MILI,FZS_MILI_5,3515
2020-01-31,FZS_MYTH,FZS_MYTH_5,422
2020-01-31,FZS_OHM*,FZS_OHM*_5,11025
2020-01-31,FZS_ZEHN,FZS_ZEHN_5,2232
2020-02-01,FZS_ALT*,FZS_ALT*_6,3016
2020-02-01,FZS_ARBO,FZS_ARBO_6,3182
2020-02-01,FZS_CASS,FZS_CASS_6,916
2020-02-01,FZS_HARD,FZS_HARD_6,1791
2020-02-01,FZS_LAN*,FZS_LAN*_6,14080
2020-02-01,FZS_LETD,FZS_LETD_6,1755
2020-02-01,FZS_LIMM,FZS_LIMM_6,7405
2020-02-01,FZS_MILI,FZS_MILI_6,2417
2020-02-01,FZS_MYTH,FZS_MYTH_6,486
2020-02-01,FZS_OHM*,FZS_OHM*_6,9175
2020-02-01,FZS_ZEHN,FZS_ZEHN_6,2051
2020-02-02,FZS_ALT*,FZS_ALT*_7,2441
2020-02-02,FZS_ARBO,FZS_ARBO_7,2059
2020-02-02,FZS_CASS,FZS_CASS_7,539
2020-02-02,FZS_HARD,FZS_HARD_7,1223
2020-02-02,FZS_LAN*,FZS_LAN*_7,8743
2020-02-02,FZS_LETD,FZS_LETD_7,1391
2020-02-02,FZS_LIMM,FZS_LIMM_7,3424
2020-02-02,FZS_MILI,FZS_MILI_7,1138
2020-02-02,FZS_MYTH,FZS_MYTH_7,451
2020-02-02,FZS_OHM*,FZS_OHM*_7,3825
2020-02-02,FZS_ZEHN,FZS_ZEHN_7,957
2020-02-03,FZS_ALT*,FZS_ALT*_1,4818
2020-02-03,FZS_ARBO,FZS_ARBO_1,1390
2020-02-03,FZS_CASS,FZS_CASS_1,252
2020-02-03,FZS_HARD,FZS_HARD_1,2245
2020-02-03,FZS_KATZ,FZS_KATZ_1,523
2020-02-03,FZS_LAN*,FZS_LAN*_1,9139
2020-02-03,FZS_LETD,FZS_LETD_1,741
2020-02-03,FZS_LIMM,FZS_LIMM_1,4360
2020-02-03,FZS_MILI,FZS_MILI_1,2263
2020-02-03,FZS_MYTH,FZS_MYTH_1,235
2020-02-03,FZS_OHM*,FZS_OHM*_1,6321
2020-02-03,FZS_ZEHN,FZS_ZEHN_1,2082
2020-02-04,FZS_ALT*,FZS_ALT*_2,4195
2020-02-04,FZS_ARBO,FZS_ARBO_2,1637
2020-02-04,FZS_CASS,FZS_CASS_2,343
2020-02-04,FZS_HARD,FZS_HARD_2,2383
2020-02-04,FZS_KATZ,FZS_KATZ_2,292
2020-02-04,FZS_LAN*,FZS_LAN*_2,8875
2020-02-04,FZS_LETD,FZS_LETD_2,890
2020-02-04,FZS_LIMM,FZS_LIMM_2,3964
2020-02-04,FZS_MILI,FZS_MILI_2,2580
2020-02-04,FZS_MYTH,FZS_MYTH_2,346
2020-02-04,FZS_OHM*,FZS_OHM*_2,7822
2020-02-04,FZS_ZEHN,FZS_ZEHN_2,1801
2020-02-05,FZS_ALT*,FZS_ALT*_3,5366
2020-02-05,FZS_ARBO,FZS_ARBO_3,2567
2020-02-05,FZS_CASS,FZS_CASS_3,639
2020-02-05,FZS_HARD,FZS_HARD_3,2603
2020-02-05,FZS_KATZ,FZS_KATZ_3,452
2020-02-05,FZS_LAN*,FZS_LAN*_3,12575
2020-02-05,FZS_LETD,FZS_LETD_3,1520
2020-02-05,FZS_LIMM,FZS_LIMM_3,4785
2020-02-05,FZS_MILI,FZS_MILI_3,3216
2020-02-05,FZS_MYTH,FZS_MYTH_3,466
2020-02-05,FZS_OHM*,FZS_OHM*_3,9642
2020-02-05,FZS_ZEHN,FZS_ZEHN_3,2053
2020-02-06,FZS_ALT*,FZS_ALT*_4,5487
2020-02-06,FZS_ARBO,FZS_ARBO_4,3115
2020-02-06,FZS_CASS,FZS_CASS_4,808
2020-02-06,FZS_HARD,FZS_HARD_4,2783
2020-02-06,FZS_KATZ,FZS_KATZ_4,398
2020-02-06,FZS_LAN*,FZS_LAN*_4,13371
2020-02-06,FZS_LETD,FZS_LETD_4,1648
2020-02-06,FZS_LIMM,FZS_LIMM_4,5211
2020-02-06,FZS_MILI,FZS_MILI_4,3622
2020-02-06,FZS_MYTH,FZS_MYTH_4,443
2020-02-06,FZS_OHM*,FZS_OHM*_4,11666
2020-02-06,FZS_ZEHN,FZS_ZEHN_4,2070
2020-02-07,FZS_ALT*,FZS_ALT*_5,5633
2020-02-07,FZS_ARBO,FZS_ARBO_5,3175
2020-02-07,FZS_CASS,FZS_CASS_5,1018
2020-02-07,FZS_HARD,FZS_HARD_5,2502
2020-02-07,FZS_KATZ,FZS_KATZ_5,501
2020-02-07,FZS_LAN*,FZS_LAN*_5,13963
2020-02-07,FZS_LETD,FZS_LETD_5,1812
2020-02-07,FZS_LIMM,FZS_LIMM_5,5749
2020-02-07,FZS_MILI,FZS_MILI_5,3369
2020-02-07,FZS_MYTH,FZS_MYTH_5,430
2020-02-07,FZS_OHM*,FZS_OHM*_5,11840
2020-02-07,FZS_ZEHN,FZS_ZEHN_5,2152
2020-02-08,FZS_ALT*,FZS_ALT*_6,3627
2020-02-08,FZS_ARBO,FZS_ARBO_6,3786
2020-02-08,FZS_CASS,FZS_CASS_6,1099
2020-02-08,FZS_HARD,FZS_HARD_6,1803
2020-02-08,FZS_KATZ,FZS_KATZ_6,457
2020-02-08,FZS_LAN*,FZS_LAN*_6,14077
2020-02-08,FZS_LETD,FZS_LETD_6,2257
2020-02-08,FZS_LIMM,FZS_LIMM_6,7080
2020-02-08,FZS_MILI,FZS_MILI_6,2676
2020-02-08,FZS_MYTH,FZS_MYTH_6,408
2020-02-08,FZS_OHM*,FZS_OHM*_6,11056
2020-02-08,FZS_ZEHN,FZS_ZEHN_6,1954
2020-02-09,FZS_ALT*,FZS_ALT*_7,2810
2020-02-09,FZS_ARBO,FZS_ARBO_7,5363
2020-02-09,FZS_CASS,FZS_CASS_7,2138
2020-02-09,FZS_HARD,FZS_HARD_7,1795
2020-02-09,FZS_KATZ,FZS_KATZ_7,785
2020-02-09,FZS_LAN*,FZS_LAN*_7,9863
2020-02-09,FZS_LETD,FZS_LETD_7,3475
2020-02-09,FZS_LIMM,FZS_LIMM_7,4431
2020-02-09,FZS_MILI,FZS_MILI_7,1409
2020-02-09,FZS_MYTH,FZS_MYTH_7,764
2020-02-09,FZS_OHM*,FZS_OHM*_7,5112
2020-02-09,FZS_ZEHN,FZS_ZEHN_7,1108
2020-02-10,FZS_ALT*,FZS_ALT*_1,4212
2020-02-10,FZS_ARBO,FZS_ARBO_1,1462
2020-02-10,FZS_CASS,FZS_CASS_1,221
2020-02-10,FZS_HARD,FZS_HARD_1,1467
2020-02-10,FZS_KATZ,FZS_KATZ_1,138
2020-02-10,FZS_LAN*,FZS_LAN*_1,8294
2020-02-10,FZS_LETD,FZS_LETD_1,647
2020-02-10,FZS_LIMM,FZS_LIMM_1,3951
2020-02-10,FZS_MILI,FZS_MILI_1,1828
2020-02-10,FZS_MYTH,FZS_MYTH_1,144
2020-02-10,FZS_OHM*,FZS_OHM*_1,6340
2020-02-10,FZS_ZEHN,FZS_ZEHN_1,1711
2020-02-11,FZS_ALT*,FZS_ALT*_2,4638
2020-02-11,FZS_ARBO,FZS_ARBO_2,1836
2020-02-11,FZS_CASS,FZS_CASS_2,305
2020-02-11,FZS_HARD,FZS_HARD_2,1646
2020-02-11,FZS_KATZ,FZS_KATZ_2,187
2020-02-11,FZS_LAN*,FZS_LAN*_2,8597
2020-02-11,FZS_LETD,FZS_LETD_2,696
2020-02-11,FZS_LIMM,FZS_LIMM_2,3636
2020-02-11,FZS_MILI,FZS_MILI_2,2179
2020-02-11,FZS_MYTH,FZS_MYTH_2,209
2020-02-11,FZS_OHM*,FZS_OHM*_2,7364
2020-02-11,FZS_ZEHN,FZS_ZEHN_2,1753
2020-02-12,FZS_ALT*,FZS_ALT*_3,5033
2020-02-12,FZS_ARBO,FZS_ARBO_3,2322
2020-02-12,FZS_CASS,FZS_CASS_3,482
2020-02-12,FZS_HARD,FZS_HARD_3,1835
2020-02-12,FZS_KATZ,FZS_KATZ_3,346
2020-02-12,FZS_LAN*,FZS_LAN*_3,11144
2020-02-12,FZS_LETD,FZS_LETD_3,1082
2020-02-12,FZS_LIMM,FZS_LIMM_3,4400
2020-02-12,FZS_MILI,FZS_MILI_3,2530
2020-02-12,FZS_MYTH,FZS_MYTH_3,310
2020-02-12,FZS_OHM*,FZS_OHM*_3,10608
2020-02-12,FZS_ZEHN,FZS_ZEHN_3,1951
2020-02-14,FZS_ALT*,FZS_ALT*_5,4038
2020-02-14,FZS_ARBO,FZS_ARBO_5,2444
2020-02-14,FZS_CASS,FZS_CASS_5,548
2020-02-14,FZS_HARD,FZS_HARD_5,1995
2020-02-14,FZS_KATZ,FZS_KATZ_5,314
2020-02-14,FZS_LAN*,FZS_LAN*_5,12984
2020-02-14,FZS_LETD,FZS_LETD_5,1257
2020-02-14,FZS_LIMM,FZS_LIMM_5,5478
2020-02-14,FZS_MILI,FZS_MILI_5,2623
2020-02-14,FZS_MYTH,FZS_MYTH_5,283
2020-02-14,FZS_OHM*,FZS_OHM*_5,8937
2020-02-14,FZS_ZEHN,FZS_ZEHN_5,2151
2020-02-15,FZS_ALT*,FZS_ALT*_6,2525
2020-02-15,FZS_ARBO,FZS_ARBO_6,4168
2020-02-15,FZS_CASS,FZS_CASS_6,1358
2020-02-15,FZS_HARD,FZS_HARD_6,1786
2020-02-15,FZS_KATZ,FZS_KATZ_6,570
2020-02-15,FZS_LAN*,FZS_LAN*_6,13965
2020-02-15,FZS_LETD,FZS_LETD_6,3081
2020-02-15,FZS_LIMM,FZS_LIMM_6,7101
2020-02-15,FZS_MILI,FZS_MILI_6,2551
2020-02-15,FZS_MYTH,FZS_MYTH_6,442
2020-02-15,FZS_OHM*,FZS_OHM*_6,8092
2020-02-15,FZS_ZEHN,FZS_ZEHN_6,1964
2020-02-16,FZS_ALT*,FZS_ALT*_7,1995
2020-02-16,FZS_ARBO,FZS_ARBO_7,4407
2020-02-16,FZS_CASS,FZS_CASS_7,1488
2020-02-16,FZS_HARD,FZS_HARD_7,1919
2020-02-16,FZS_KATZ,FZS_KATZ_7,710
2020-02-16,FZS_LAN*,FZS_LAN*_7,10056
2020-02-16,FZS_LETD,FZS_LETD_7,3111
2020-02-16,FZS_LIMM,FZS_LIMM_7,3971
2020-02-16,FZS_MILI,FZS_MILI_7,1219
2020-02-16,FZS_MYTH,FZS_MYTH_7,575
2020-02-16,FZS_OHM*,FZS_OHM*_7,4149
2020-02-16,FZS_ZEHN,FZS_ZEHN_7,999
2020-02-17,FZS_ALT*,FZS_ALT*_1,3998
2020-02-17,FZS_ARBO,FZS_ARBO_1,1763
2020-02-17,FZS_CASS,FZS_CASS_1,396
2020-02-17,FZS_HARD,FZS_HARD_1,1753
2020-02-17,FZS_KATZ,FZS_KATZ_1,305
2020-02-17,FZS_LAN*,FZS_LAN*_1,8768
2020-02-17,FZS_LETD,FZS_LETD_1,913
2020-02-17,FZS_LIMM,FZS_LIMM_1,3764
2020-02-17,FZS_MILI,FZS_MILI_1,2257
2020-02-17,FZS_MYTH,FZS_MYTH_1,288
2020-02-17,FZS_OHM*,FZS_OHM*_1,8288
2020-02-17,FZS_ZEHN,FZS_ZEHN_1,1846
2020-02-18,FZS_ALT*,FZS_ALT*_2,4359
2020-02-18,FZS_ARBO,FZS_ARBO_2,3157
2020-02-18,FZS_CASS,FZS_CASS_2,821
2020-02-18,FZS_HARD,FZS_HARD_2,2269
2020-02-18,FZS_KATZ,FZS_KATZ_2,411
2020-02-18,FZS_LAN*,FZS_LAN*_2,10963
2020-02-18,FZS_LETD,FZS_LETD_2,1607
2020-02-18,FZS_LIMM,FZS_LIMM_2,4838
2020-02-18,FZS_MILI,FZS_MILI_2,3145
2020-02-18,FZS_MYTH,FZS_MYTH_2,376
2020-02-18,FZS_OHM*,FZS_OHM*_2,9420
2020-02-18,FZS_ZEHN,FZS_ZEHN_2,2095
2020-02-19,FZS_ALT*,FZS_ALT*_3,3948
2020-02-19,FZS_ARBO,FZS_ARBO_3,1721
2020-02-19,FZS_CASS,FZS_CASS_3,424
2020-02-19,FZS_HARD,FZS_HARD_3,1766
2020-02-19,FZS_KATZ,FZS_KATZ_3,302
2020-02-19,FZS_LAN*,FZS_LAN*_3,10511
2020-02-19,FZS_LETD,FZS_LETD_3,1057
2020-02-19,FZS_LIMM,FZS_LIMM_3,4331
2020-02-19,FZS_MILI,FZS_MILI_3,2779
2020-02-19,FZS_MYTH,FZS_MYTH_3,280
2020-02-19,FZS_OHM*,FZS_OHM*_3,8390
2020-02-19,FZS_ZEHN,FZS_ZEHN_3,1887
2020-02-20,FZS_ALT*,FZS_ALT*_4,4416
2020-02-20,FZS_ARBO,FZS_ARBO_4,3086
2020-02-20,FZS_CASS,FZS_CASS_4,939
2020-02-20,FZS_HARD,FZS_HARD_4,2324
2020-02-20,FZS_KATZ,FZS_KATZ_4,491
2020-02-20,FZS_LAN*,FZS_LAN*_4,14044
2020-02-20,FZS_LETD,FZS_LETD_4,1957
2020-02-20,FZS_LIMM,FZS_LIMM_4,5266
2020-02-20,FZS_MILI,FZS_MILI_4,3475
2020-02-20,FZS_MYTH,FZS_MYTH_4,428
2020-02-20,FZS_OHM*,FZS_OHM*_4,10708
2020-02-20,FZS_ZEHN,FZS_ZEHN_4,2099
2020-02-21,FZS_ALT*,FZS_ALT*_5,4341
2020-02-21,FZS_ARBO,FZS_ARBO_5,2989
2020-02-21,FZS_CASS,FZS_CASS_5,815
2020-02-21,FZS_HARD,FZS_HARD_5,2006
2020-02-21,FZS_KATZ,FZS_KATZ_5,469
2020-02-21,FZS_LAN*,FZS_LAN*_5,13499
2020-02-21,FZS_LETD,FZS_LETD_5,2061
2020-02-21,FZS_LIMM,FZS_LIMM_5,5800
2020-02-21,FZS_MILI,FZS_MILI_5,3427
2020-02-21,FZS_MYTH,FZS_MYTH_5,407
2020-02-21,FZS_OHM*,FZS_OHM*_5,11475
2020-02-21,FZS_ZEHN,FZS_ZEHN_5,1994
2020-02-22,FZS_ALT*,FZS_ALT*_6,3021
2020-02-22,FZS_ARBO,FZS_ARBO_6,5094
2020-02-22,FZS_CASS,FZS_CASS_6,1684
2020-02-22,FZS_HARD,FZS_HARD_6,2203
2020-02-22,FZS_KATZ,FZS_KATZ_6,747
2020-02-22,FZS_LAN*,FZS_LAN*_6,15109
2020-02-22,FZS_LETD,FZS_LETD_6,3369
2020-02-22,FZS_LIMM,FZS_LIMM_6,7897
2020-02-22,FZS_MILI,FZS_MILI_6,2963
2020-02-22,FZS_MYTH,FZS_MYTH_6,619
2020-02-22,FZS_OHM*,FZS_OHM*_6,10034
2020-02-22,FZS_ZEHN,FZS_ZEHN_6,2023
2020-02-23,FZS_ALT*,FZS_ALT*_7,2226
2020-02-23,FZS_ARBO,FZS_ARBO_7,3250
2020-02-23,FZS_CASS,FZS_CASS_7,1286
2020-02-23,FZS_HARD,FZS_HARD_7,1829
2020-02-23,FZS_KATZ,FZS_KATZ_7,688
2020-02-23,FZS_LAN*,FZS_LAN*_7,10209
2020-02-23,FZS_LETD,FZS_LETD_7,2665
2020-02-23,FZS_LIMM,FZS_LIMM_7,4069
2020-02-23,FZS_MILI,FZS_MILI_7,1406
2020-02-23,FZS_MYTH,FZS_MYTH_7,561
2020-02-23,FZS_OHM*,FZS_OHM*_7,4257
2020-02-23,FZS_ZEHN,FZS_ZEHN_7,1125
2020-02-24,FZS_ALT*,FZS_ALT*_1,4629
2020-02-24,FZS_ARBO,FZS_ARBO_1,3769
2020-02-24,FZS_CASS,FZS_CASS_1,991
2020-02-24,FZS_HARD,FZS_HARD_1,3089
2020-02-24,FZS_KATZ,FZS_KATZ_1,647
2020-02-24,FZS_LAN*,FZS_LAN*_1,12499
2020-02-24,FZS_LETD,FZS_LETD_1,2203
2020-02-24,FZS_LIMM,FZS_LIMM_1,5717
2020-02-24,FZS_MILI,FZS_MILI_1,3397
2020-02-24,FZS_MYTH,FZS_MYTH_1,601
2020-02-24,FZS_OHM*,FZS_OHM*_1,8814
2020-02-24,FZS_ZEHN,FZS_ZEHN_1,2171
2020-02-25,FZS_ALT*,FZS_ALT*_2,4351
2020-02-25,FZS_ARBO,FZS_ARBO_2,2034
2020-02-25,FZS_CASS,FZS_CASS_2,498
2020-02-25,FZS_HARD,FZS_HARD_2,2294
2020-02-25,FZS_KATZ,FZS_KATZ_2,290
2020-02-25,FZS_LAN*,FZS_LAN*_2,9864
2020-02-25,FZS_LETD,FZS_LETD_2,1011
2020-02-25,FZS_LIMM,FZS_LIMM_2,4490
2020-02-25,FZS_MILI,FZS_MILI_2,3088
2020-02-25,FZS_MYTH,FZS_MYTH_2,356
2020-02-25,FZS_OHM*,FZS_OHM*_2,8175
2020-02-25,FZS_ZEHN,FZS_ZEHN_2,2150
2020-02-26,FZS_ALT*,FZS_ALT*_3,4238
2020-02-26,FZS_ARBO,FZS_ARBO_3,1616
2020-02-26,FZS_CASS,FZS_CASS_3,353
2020-02-26,FZS_HARD,FZS_HARD_3,2266
2020-02-26,FZS_KATZ,FZS_KATZ_3,240
2020-02-26,FZS_LAN*,FZS_LAN*_3,9542
2020-02-26,FZS_LETD,FZS_LETD_3,962
2020-02-26,FZS_LIMM,FZS_LIMM_3,4805
2020-02-26,FZS_MILI,FZS_MILI_3,2711
2020-02-26,FZS_MYTH,FZS_MYTH_3,267
2020-02-26,FZS_OHM*,FZS_OHM*_3,8208
2020-02-26,FZS_ZEHN,FZS_ZEHN_3,1840
2020-02-27,FZS_ALT*,FZS_ALT*_4,4147
2020-02-27,FZS_ARBO,FZS_ARBO_4,1738
2020-02-27,FZS_CASS,FZS_CASS_4,350
2020-02-27,FZS_HARD,FZS_HARD_4,2268
2020-02-27,FZS_KATZ,FZS_KATZ_4,251
2020-02-27,FZS_LAN*,FZS_LAN*_4,10811
2020-02-27,FZS_LETD,FZS_LETD_4,854
2020-02-27,FZS_LIMM,FZS_LIMM_4,5048
2020-02-27,FZS_MILI,FZS_MILI_4,2599
2020-02-27,FZS_MYTH,FZS_MYTH_4,362
2020-02-27,FZS_OHM*,FZS_OHM*_4,9960
2020-02-27,FZS_ZEHN,FZS_ZEHN_4,2000
2020-02-28,FZS_ALT*,FZS_ALT*_5,4738
2020-02-28,FZS_ARBO,FZS_ARBO_5,3400
2020-02-28,FZS_CASS,FZS_CASS_5,857
2020-02-28,FZS_HARD,FZS_HARD_5,2728
2020-02-28,FZS_KATZ,FZS_KATZ_5,448
2020-02-28,FZS_LAN*,FZS_LAN*_5,13823
2020-02-28,FZS_LETD,FZS_LETD_5,1856
2020-02-28,FZS_LIMM,FZS_LIMM_5,6394
2020-02-28,FZS_MILI,FZS_MILI_5,3430
2020-02-28,FZS_MYTH,FZS_MYTH_5,532
2020-02-28,FZS_OHM*,FZS_OHM*_5,10622
2020-02-28,FZS_ZEHN,FZS_ZEHN_5,2161
2020-02-29,FZS_ALT*,FZS_ALT*_6,2754
2020-02-29,FZS_ARBO,FZS_ARBO_6,3520
2020-02-29,FZS_CASS,FZS_CASS_6,1030
2020-02-29,FZS_HARD,FZS_HARD_6,1815
2020-02-29,FZS_KATZ,FZS_KATZ_6,556
2020-02-29,FZS_LAN*,FZS_LAN*_6,12804
2020-02-29,FZS_LETD,FZS_LETD_6,2067
2020-02-29,FZS_LIMM,FZS_LIMM_6,6529
2020-02-29,FZS_MILI,FZS_MILI_6,2281
2020-02-29,FZS_MYTH,FZS_MYTH_6,553
2020-02-29,FZS_OHM*,FZS_OHM*_6,7064
2020-02-29,FZS_ZEHN,FZS_ZEHN_6,1889
2020-03-01,FZS_ALT*,FZS_ALT*_7,2317
2020-03-01,FZS_ARBO,FZS_ARBO_7,6742
2020-03-01,FZS_CASS,FZS_CASS_7,2895
2020-03-01,FZS_HARD,FZS_HARD_7,2437
2020-03-01,FZS_KATZ,FZS_KATZ_7,1220
2020-03-01,FZS_LAN*,FZS_LAN*_7,8943
2020-03-01,FZS_LETD,FZS_LETD_7,4614
2020-03-01,FZS_LIMM,FZS_LIMM_7,4454
2020-03-01,FZS_MILI,FZS_MILI_7,1883
2020-03-01,FZS_MYTH,FZS_MYTH_7,1115
2020-03-01,FZS_OHM*,FZS_OHM*_7,3376
2020-03-01,FZS_ZEHN,FZS_ZEHN_7,926
2020-03-02,FZS_ALT*,FZS_ALT*_1,4250
2020-03-02,FZS_ARBO,FZS_ARBO_1,2004
2020-03-02,FZS_CASS,FZS_CASS_1,418
2020-03-02,FZS_HARD,FZS_HARD_1,2372
2020-03-02,FZS_KATZ,FZS_KATZ_1,323
2020-03-02,FZS_LAN*,FZS_LAN*_1,9444
2020-03-02,FZS_LETD,FZS_LETD_1,953
2020-03-02,FZS_LIMM,FZS_LIMM_1,4619
2020-03-02,FZS_MILI,FZS_MILI_1,2819
2020-03-02,FZS_MYTH,FZS_MYTH_1,323
2020-03-02,FZS_OHM*,FZS_OHM*_1,9051
2020-03-02,FZS_ZEHN,FZS_ZEHN_1,1796
2020-03-03,FZS_ALT*,FZS_ALT*_2,4559
2020-03-03,FZS_ARBO,FZS_ARBO_2,3044
2020-03-03,FZS_CASS,FZS_CASS_2,756
2020-03-03,FZS_HARD,FZS_HARD_2,2697
2020-03-03,FZS_KATZ,FZS_KATZ_2,471
2020-03-03,FZS_LAN*,FZS_LAN*_2,12043
2020-03-03,FZS_LETD,FZS_LETD_2,1541
2020-03-03,FZS_LIMM,FZS_LIMM_2,3449
2020-03-03,FZS_MILI,FZS_MILI_2,3076
2020-03-03,FZS_MYTH,FZS_MYTH_2,400
2020-03-03,FZS_OHM*,FZS_OHM*_2,9287
2020-03-03,FZS_ZEHN,FZS_ZEHN_2,1929
2020-03-04,FZS_ALT*,FZS_ALT*_3,4440
2020-03-04,FZS_ARBO,FZS_ARBO_3,2799
2020-03-04,FZS_CASS,FZS_CASS_3,838
2020-03-04,FZS_HARD,FZS_HARD_3,2803
2020-03-04,FZS_KATZ,FZS_KATZ_3,490
2020-03-04,FZS_LAN*,FZS_LAN*_3,11846
2020-03-04,FZS_LETD,FZS_LETD_3,1741
2020-03-04,FZS_LIMM,FZS_LIMM_3,4687
2020-03-04,FZS_MILI,FZS_MILI_3,3427
2020-03-04,FZS_MYTH,FZS_MYTH_3,496
2020-03-04,FZS_OHM*,FZS_OHM*_3,9947
2020-03-04,FZS_ZEHN,FZS_ZEHN_3,1937
2020-03-05,FZS_ALT*,FZS_ALT*_4,3858
2020-03-05,FZS_ARBO,FZS_ARBO_4,1377
2020-03-05,FZS_CASS,FZS_CASS_4,234
2020-03-05,FZS_HARD,FZS_HARD_4,2077
2020-03-05,FZS_KATZ,FZS_KATZ_4,209
2020-03-05,FZS_LAN*,FZS_LAN*_4,9292
2020-03-05,FZS_LETD,FZS_LETD_4,542
2020-03-05,FZS_LIMM,FZS_LIMM_4,4341
2020-03-05,FZS_MILI,FZS_MILI_4,2398
2020-03-05,FZS_MYTH,FZS_MYTH_4,284
2020-03-05,FZS_OHM*,FZS_OHM*_4,6945
2020-03-05,FZS_ZEHN,FZS_ZEHN_4,1840
2020-03-06,FZS_ALT*,FZS_ALT*_5,4115
2020-03-06,FZS_ARBO,FZS_ARBO_5,1736
2020-03-06,FZS_CASS,FZS_CASS_5,380
2020-03-06,FZS_HARD,FZS_HARD_5,2311
2020-03-06,FZS_KATZ,FZS_KATZ_5,280
2020-03-06,FZS_LAN*,FZS_LAN*_5,12153
2020-03-06,FZS_LETD,FZS_LETD_5,1014
2020-03-06,FZS_LIMM,FZS_LIMM_5,5437
2020-03-06,FZS_MILI,FZS_MILI_5,2698
2020-03-06,FZS_MYTH,FZS_MYTH_5,342
2020-03-06,FZS_OHM*,FZS_OHM*_5,8077
2020-03-06,FZS_ZEHN,FZS_ZEHN_5,1711
2020-03-07,FZS_ALT*,FZS_ALT*_6,2718
2020-03-07,FZS_ARBO,FZS_ARBO_6,2960
2020-03-07,FZS_CASS,FZS_CASS_6,965
2020-03-07,FZS_HARD,FZS_HARD_6,1843
2020-03-07,FZS_KATZ,FZS_KATZ_6,542
2020-03-07,FZS_LAN*,FZS_LAN*_6,15870
2020-03-07,FZS_LETD,FZS_LETD_6,2318
2020-03-07,FZS_LIMM,FZS_LIMM_6,7069
2020-03-07,FZS_MILI,FZS_MILI_6,2465
2020-03-07,FZS_MYTH,FZS_MYTH_6,522
2020-03-07,FZS_OHM*,FZS_OHM*_6,8217
2020-03-07,FZS_ZEHN,FZS_ZEHN_6,1481
2020-03-08,FZS_ALT*,FZS_ALT*_7,2227
2020-03-08,FZS_ARBO,FZS_ARBO_7,5462
2020-03-08,FZS_CASS,FZS_CASS_7,2310
2020-03-08,FZS_HARD,FZS_HARD_7,2271
2020-03-08,FZS_KATZ,FZS_KATZ_7,1308
2020-03-08,FZS_LAN*,FZS_LAN*_7,10111
2020-03-08,FZS_LETD,FZS_LETD_7,3804
2020-03-08,FZS_LIMM,FZS_LIMM_7,3742
2020-03-08,FZS_MILI,FZS_MILI_7,1629
2020-03-08,FZS_MYTH,FZS_MYTH_7,1057
2020-03-08,FZS_OHM*,FZS_OHM*_7,3630
2020-03-08,FZS_ZEHN,FZS_ZEHN_7,631
2020-03-09,FZS_ALT*,FZS_ALT*_1,4009
2020-03-09,FZS_ARBO,FZS_ARBO_1,1766
2020-03-09,FZS_CASS,FZS_CASS_1,377
2020-03-09,FZS_HARD,FZS_HARD_1,2311
2020-03-09,FZS_KATZ,FZS_KATZ_1,330
2020-03-09,FZS_LAN*,FZS_LAN*_1,9936
2020-03-09,FZS_LETD,FZS_LETD_1,1100
2020-03-09,FZS_LIMM,FZS_LIMM_1,4245
2020-03-09,FZS_MILI,FZS_MILI_1,2398
2020-03-09,FZS_MYTH,FZS_MYTH_1,282
2020-03-09,FZS_OHM*,FZS_OHM*_1,8230
2020-03-09,FZS_ZEHN,FZS_ZEHN_1,1282
2020-03-10,FZS_ALT*,FZS_ALT*_2,4031
2020-03-10,FZS_ARBO,FZS_ARBO_2,1534
2020-03-10,FZS_CASS,FZS_CASS_2,217
2020-03-10,FZS_HARD,FZS_HARD_2,2008
2020-03-10,FZS_KATZ,FZS_KATZ_2,279
2020-03-10,FZS_LAN*,FZS_LAN*_2,9499
2020-03-10,FZS_LETD,FZS_LETD_2,655
2020-03-10,FZS_LIMM,FZS_LIMM_2,2268
2020-03-10,FZS_MILI,FZS_MILI_2,2211
2020-03-10,FZS_MYTH,FZS_MYTH_2,309
2020-03-10,FZS_OHM*,FZS_OHM*_2,7331
2020-03-10,FZS_ZEHN,FZS_ZEHN_2,1312
2020-03-11,FZS_ALT*,FZS_ALT*_3,4164
2020-03-11,FZS_ARBO,FZS_ARBO_3,3419
2020-03-11,FZS_CASS,FZS_CASS_3,1061
2020-03-11,FZS_HARD,FZS_HARD_3,2850
2020-03-11,FZS_KATZ,FZS_KATZ_3,737
2020-03-11,FZS_LAN*,FZS_LAN*_3,14106
2020-03-11,FZS_LETD,FZS_LETD_3,2067
2020-03-11,FZS_LIMM,FZS_LIMM_3,4557
2020-03-11,FZS_MILI,FZS_MILI_3,2254
2020-03-11,FZS_MYTH,FZS_MYTH_3,576
2020-03-11,FZS_OHM*,FZS_OHM*_3,8204
2020-03-11,FZS_ZEHN,FZS_ZEHN_3,1483
2020-03-12,FZS_ALT*,FZS_ALT*_4,4195
2020-03-12,FZS_ARBO,FZS_ARBO_4,2913
2020-03-12,FZS_CASS,FZS_CASS_4,920
2020-03-12,FZS_HARD,FZS_HARD_4,2933
2020-03-12,FZS_KATZ,FZS_KATZ_4,606
2020-03-12,FZS_LAN*,FZS_LAN*_4,13415
2020-03-12,FZS_LETD,FZS_LETD_4,1847
2020-03-12,FZS_LIMM,FZS_LIMM_4,4095
2020-03-12,FZS_MILI,FZS_MILI_4,3465
2020-03-12,FZS_MYTH,FZS_MYTH_4,492
2020-03-12,FZS_OHM*,FZS_OHM*_4,7878
2020-03-12,FZS_ZEHN,FZS_ZEHN_4,1568
2020-03-13,FZS_ALT*,FZS_ALT*_5,4065
2020-03-13,FZS_ARBO,FZS_ARBO_5,2906
2020-03-13,FZS_CASS,FZS_CASS_5,798
2020-03-13,FZS_HARD,FZS_HARD_5,2769
2020-03-13,FZS_KATZ,FZS_KATZ_5,702
2020-03-13,FZS_LAN*,FZS_LAN*_5,12759
2020-03-13,FZS_LETD,FZS_LETD_5,1863
2020-03-13,FZS_LIMM,FZS_LIMM_5,4285
2020-03-13,FZS_MILI,FZS_MILI_5,3343
2020-03-13,FZS_MYTH,FZS_MYTH_5,449
2020-03-13,FZS_OHM*,FZS_OHM*_5,7889
2020-03-13,FZS_ZEHN,FZS_ZEHN_5,1554
2020-03-14,FZS_ALT*,FZS_ALT*_6,2435
2020-03-14,FZS_ARBO,FZS_ARBO_6,3082
2020-03-14,FZS_CASS,FZS_CASS_6,1162
2020-03-14,FZS_HARD,FZS_HARD_6,2117
2020-03-14,FZS_KATZ,FZS_KATZ_6,833
2020-03-14,FZS_LAN*,FZS_LAN*_6,11559
2020-03-14,FZS_LETD,FZS_LETD_6,2117
2020-03-14,FZS_LIMM,FZS_LIMM_6,4208
2020-03-14,FZS_MILI,FZS_MILI_6,1938
2020-03-14,FZS_MYTH,FZS_MYTH_6,498
2020-03-14,FZS_OHM*,FZS_OHM*_6,5958
2020-03-14,FZS_ZEHN,FZS_ZEHN_6,1521
2020-03-15,FZS_ALT*,FZS_ALT*_7,1890
2020-03-15,FZS_ARBO,FZS_ARBO_7,5814
2020-03-15,FZS_CASS,FZS_CASS_7,2908
2020-03-15,FZS_HARD,FZS_HARD_7,2842
2020-03-15,FZS_KATZ,FZS_KATZ_7,2341
2020-03-15,FZS_LAN*,FZS_LAN*_7,8470
2020-03-15,FZS_LETD,FZS_LETD_7,3916
2020-03-15,FZS_LIMM,FZS_LIMM_7,2741
2020-03-15,FZS_MILI,FZS_MILI_7,1303
2020-03-15,FZS_MYTH,FZS_MYTH_7,1227
2020-03-15,FZS_OHM*,FZS_OHM*_7,2697
2020-03-15,FZS_ZEHN,FZS_ZEHN_7,678
2020-03-16,FZS_ALT*,FZS_ALT*_1,3222
2020-03-16,FZS_ARBO,FZS_ARBO_1,2934
2020-03-16,FZS_CASS,FZS_CASS_1,1156
2020-03-16,FZS_HARD,FZS_HARD_1,2569
2020-03-16,FZS_KATZ,FZS_KATZ_1,1088
2020-03-16,FZS_LAN*,FZS_LAN*_1,11142
2020-03-16,FZS_LETD,FZS_LETD_1,2017
2020-03-16,FZS_LIMM,FZS_LIMM_1,3086
2020-03-16,FZS_MILI,FZS_MILI_1,2616
2020-03-16,FZS_MYTH,FZS_MYTH_1,596
2020-03-16,FZS_OHM*,FZS_OHM*_1,7907
2020-03-16,FZS_ZEHN,FZS_ZEHN_1,1570
2020-03-17,FZS_ALT*,FZS_ALT*_2,2468
2020-03-17,FZS_ARBO,FZS_ARBO_2,2960
2020-03-17,FZS_CASS,FZS_CASS_2,1314
2020-03-17,FZS_HARD,FZS_HARD_2,2658
2020-03-17,FZS_KATZ,FZS_KATZ_2,1273
2020-03-17,FZS_LAN*,FZS_LAN*_2,8200
2020-03-17,FZS_LETD,FZS_LETD_2,2046
2020-03-17,FZS_LIMM,FZS_LIMM_2,1585
2020-03-17,FZS_MILI,FZS_MILI_2,1736
2020-03-17,FZS_MYTH,FZS_MYTH_2,680
2020-03-17,FZS_OHM*,FZS_OHM*_2,4360
2020-03-17,FZS_ZEHN,FZS_ZEHN_2,1192
2020-03-18,FZS_ALT*,FZS_ALT*_3,2425
2020-03-18,FZS_ARBO,FZS_ARBO_3,3349
2020-03-18,FZS_CASS,FZS_CASS_3,1542
2020-03-18,FZS_HARD,FZS_HARD_3,3008
2020-03-18,FZS_KATZ,FZS_KATZ_3,1755
2020-03-18,FZS_LAN*,FZS_LAN*_3,8498
2020-03-18,FZS_LETD,FZS_LETD_3,2211
2020-03-18,FZS_LIMM,FZS_LIMM_3,1481
2020-03-18,FZS_MILI,FZS_MILI_3,1405
2020-03-18,FZS_MYTH,FZS_MYTH_3,830
2020-03-18,FZS_OHM*,FZS_OHM*_3,4550
2020-03-18,FZS_ZEHN,FZS_ZEHN_3,1199
2020-03-19,FZS_ALT*,FZS_ALT*_4,2250
2020-03-19,FZS_ARBO,FZS_ARBO_4,3228
2020-03-19,FZS_CASS,FZS_CASS_4,1488
2020-03-19,FZS_HARD,FZS_HARD_4,2693
2020-03-19,FZS_KATZ,FZS_KATZ_4,1762
2020-03-19,FZS_LAN*,FZS_LAN*_4,8140
2020-03-19,FZS_LETD,FZS_LETD_4,1966
2020-03-19,FZS_LIMM,FZS_LIMM_4,1105
2020-03-19,FZS_MILI,FZS_MILI_4,1274
2020-03-19,FZS_MYTH,FZS_MYTH_4,813
2020-03-19,FZS_OHM*,FZS_OHM*_4,4157
2020-03-19,FZS_ZEHN,FZS_ZEHN_4,1081
2020-03-20,FZS_ALT*,FZS_ALT*_5,2103
2020-03-20,FZS_ARBO,FZS_ARBO_5,1909
2020-03-20,FZS_CASS,FZS_CASS_5,1200
2020-03-20,FZS_HARD,FZS_HARD_5,2225
2020-03-20,FZS_KATZ,FZS_KATZ_5,1413
2020-03-20,FZS_LAN*,FZS_LAN*_5,7286
2020-03-20,FZS_LETD,FZS_LETD_5,1089
2020-03-20,FZS_LIMM,FZS_LIMM_5,1304
2020-03-20,FZS_MILI,FZS_MILI_5,967
2020-03-20,FZS_MYTH,FZS_MYTH_5,683
2020-03-20,FZS_OHM*,FZS_OHM*_5,3492
2020-03-20,FZS_ZEHN,FZS_ZEHN_5,1141
2020-03-21,FZS_ALT*,FZS_ALT*_6,1226
2020-03-21,FZS_ARBO,FZS_ARBO_6,464
2020-03-21,FZS_CASS,FZS_CASS_6,775
2020-03-21,FZS_HARD,FZS_HARD_6,1796
2020-03-21,FZS_KATZ,FZS_KATZ_6,798
2020-03-21,FZS_LAN*,FZS_LAN*_6,4418
2020-03-21,FZS_LETD,FZS_LETD_6,11
2020-03-21,FZS_LIMM,FZS_LIMM_6,1479
2020-03-21,FZS_MILI,FZS_MILI_6,658
2020-03-21,FZS_MYTH,FZS_MYTH_6,347
2020-03-21,FZS_OHM*,FZS_OHM*_6,1880
2020-03-21,FZS_ZEHN,FZS_ZEHN_6,839
2020-03-22,FZS_ALT*,FZS_ALT*_7,1152
2020-03-22,FZS_ARBO,FZS_ARBO_7,188
2020-03-22,FZS_CASS,FZS_CASS_7,1006
2020-03-22,FZS_HARD,FZS_HARD_7,1920
2020-03-22,FZS_KATZ,FZS_KATZ_7,1241
2020-03-22,FZS_LAN*,FZS_LAN*_7,4025
2020-03-22,FZS_LETD,FZS_LETD_7,11
2020-03-22,FZS_LIMM,FZS_LIMM_7,706
2020-03-22,FZS_MILI,FZS_MILI_7,480
2020-03-22,FZS_MYTH,FZS_MYTH_7,408
2020-03-22,FZS_OHM*,FZS_OHM*_7,960
2020-03-22,FZS_ZEHN,FZS_ZEHN_7,255
2020-03-23,FZS_ALT*,FZS_ALT*_1,1777
2020-03-23,FZS_ARBO,FZS_ARBO_1,361
2020-03-23,FZS_CASS,FZS_CASS_1,869
2020-03-23,FZS_HARD,FZS_HARD_1,2153
2020-03-23,FZS_KATZ,FZS_KATZ_1,986
2020-03-23,FZS_LAN*,FZS_LAN*_1,6117
2020-03-23,FZS_LETD,FZS_LETD_1,12
2020-03-23,FZS_LIMM,FZS_LIMM_1,1013
2020-03-23,FZS_MILI,FZS_MILI_1,977
2020-03-23,FZS_MYTH,FZS_MYTH_1,445
2020-03-23,FZS_OHM*,FZS_OHM*_1,3212
2020-03-23,FZS_ZEHN,FZS_ZEHN_1,828
2020-03-24,FZS_ALT*,FZS_ALT*_2,1709
2020-03-24,FZS_ARBO,FZS_ARBO_2,559
2020-03-24,FZS_CASS,FZS_CASS_2,965
2020-03-24,FZS_HARD,FZS_HARD_2,2207
2020-03-24,FZS_KATZ,FZS_KATZ_2,985
2020-03-24,FZS_LAN*,FZS_LAN*_2,6077
2020-03-24,FZS_LETD,FZS_LETD_2,14
2020-03-24,FZS_LIMM,FZS_LIMM_2,1181
2020-03-24,FZS_MILI,FZS_MILI_2,948
2020-03-24,FZS_MYTH,FZS_MYTH_2,502
2020-03-24,FZS_OHM*,FZS_OHM*_2,2844
2020-03-24,FZS_ZEHN,FZS_ZEHN_2,869
2020-03-25,FZS_ALT*,FZS_ALT*_3,1747
2020-03-25,FZS_ARBO,FZS_ARBO_3,540
2020-03-25,FZS_CASS,FZS_CASS_3,865
2020-03-25,FZS_HARD,FZS_HARD_3,2121
2020-03-25,FZS_KATZ,FZS_KATZ_3,1000
2020-03-25,FZS_LAN*,FZS_LAN*_3,6085
2020-03-25,FZS_LETD,FZS_LETD_3,5
2020-03-25,FZS_LIMM,FZS_LIMM_3,1288
2020-03-25,FZS_MILI,FZS_MILI_3,926
2020-03-25,FZS_MYTH,FZS_MYTH_3,439
2020-03-25,FZS_OHM*,FZS_OHM*_3,3035
2020-03-25,FZS_ZEHN,FZS_ZEHN_3,898
2020-03-26,FZS_ALT*,FZS_ALT*_4,1694
2020-03-26,FZS_ARBO,FZS_ARBO_4,70
2020-03-26,FZS_CASS,FZS_CASS_4,790
2020-03-26,FZS_HARD,FZS_HARD_4,1846
2020-03-26,FZS_KATZ,FZS_KATZ_4,815
2020-03-26,FZS_LAN*,FZS_LAN*_4,5933
2020-03-26,FZS_LETD,FZS_LETD_4,7
2020-03-26,FZS_LIMM,FZS_LIMM_4,1061
2020-03-26,FZS_MILI,FZS_MILI_4,905
2020-03-26,FZS_MYTH,FZS_MYTH_4,377
2020-03-26,FZS_OHM*,FZS_OHM*_4,2956
2020-03-26,FZS_ZEHN,FZS_ZEHN_4,827
2020-03-27,FZS_ALT*,FZS_ALT*_5,1874
2020-03-27,FZS_ARBO,FZS_ARBO_5,8
2020-03-27,FZS_CASS,FZS_CASS_5,1070
2020-03-27,FZS_HARD,FZS_HARD_5,2241
2020-03-27,FZS_KATZ,FZS_KATZ_5,1475
2020-03-27,FZS_LAN*,FZS_LAN*_5,8004
2020-03-27,FZS_LETD,FZS_LETD_5,4
2020-03-27,FZS_LIMM,FZS_LIMM_5,949
2020-03-27,FZS_MILI,FZS_MILI_5,957
2020-03-27,FZS_MYTH,FZS_MYTH_5,479
2020-03-27,FZS_OHM*,FZS_OHM*_5,3495
2020-03-27,FZS_ZEHN,FZS_ZEHN_5,1113
2020-03-28,FZS_ALT*,FZS_ALT*_6,1587
2020-03-28,FZS_ARBO,FZS_ARBO_6,30
2020-03-28,FZS_CASS,FZS_CASS_6,1686
2020-03-28,FZS_HARD,FZS_HARD_6,2562
2020-03-28,FZS_KATZ,FZS_KATZ_6,2488
2020-03-28,FZS_LAN*,FZS_LAN*_6,7879
2020-03-28,FZS_LETD,FZS_LETD_6,8
2020-03-28,FZS_LIMM,FZS_LIMM_6,1043
2020-03-28,FZS_MILI,FZS_MILI_6,970
2020-03-28,FZS_MYTH,FZS_MYTH_6,628
2020-03-28,FZS_OHM*,FZS_OHM*_6,2944
2020-03-28,FZS_ZEHN,FZS_ZEHN_6,1227
2020-03-29,FZS_ALT*,FZS_ALT*_7,900
2020-03-29,FZS_ARBO,FZS_ARBO_7,417
2020-03-29,FZS_CASS,FZS_CASS_7,760
2020-03-29,FZS_HARD,FZS_HARD_7,1334
2020-03-29,FZS_KATZ,FZS_KATZ_7,608
2020-03-29,FZS_LAN*,FZS_LAN*_7,2357
2020-03-29,FZS_LETD,FZS_LETD_7,7
2020-03-29,FZS_LIMM,FZS_LIMM_7,687
2020-03-29,FZS_MILI,FZS_MILI_7,311
2020-03-29,FZS_MYTH,FZS_MYTH_7,311
2020-03-29,FZS_OHM*,FZS_OHM*_7,699
2020-03-29,FZS_ZEHN,FZS_ZEHN_7,195
2020-03-30,FZS_ALT*,FZS_ALT*_1,1663
2020-03-30,FZS_ARBO,FZS_ARBO_1,527
2020-03-30,FZS_CASS,FZS_CASS_1,528
2020-03-30,FZS_HARD,FZS_HARD_1,1583
2020-03-30,FZS_KATZ,FZS_KATZ_1,664
2020-03-30,FZS_LAN*,FZS_LAN*_1,5494
2020-03-30,FZS_LETD,FZS_LETD_1,2
2020-03-30,FZS_LIMM,FZS_LIMM_1,859
2020-03-30,FZS_MILI,FZS_MILI_1,674
2020-03-30,FZS_MYTH,FZS_MYTH_1,274
2020-03-30,FZS_OHM*,FZS_OHM*_1,2969
2020-03-30,FZS_ZEHN,FZS_ZEHN_1,772
2020-03-31,FZS_ALT*,FZS_ALT*_2,2020
2020-03-31,FZS_ARBO,FZS_ARBO_2,606
2020-03-31,FZS_CASS,FZS_CASS_2,1300
2020-03-31,FZS_HARD,FZS_HARD_2,2647
2020-03-31,FZS_KATZ,FZS_KATZ_2,1246
2020-03-31,FZS_LAN*,FZS_LAN*_2,7203
2020-03-31,FZS_LETD,FZS_LETD_2,11
2020-03-31,FZS_LIMM,FZS_LIMM_2,1182
2020-03-31,FZS_MILI,FZS_MILI_2,956
2020-03-31,FZS_MYTH,FZS_MYTH_2,577
2020-03-31,FZS_OHM*,FZS_OHM*_2,3158
2020-03-31,FZS_ZEHN,FZS_ZEHN_2,851
2020-04-01,FZS_ALT*,FZS_ALT*_3,2049
2020-04-01,FZS_ARBO,FZS_ARBO_3,64
2020-04-01,FZS_CASS,FZS_CASS_3,1451
2020-04-01,FZS_HARD,FZS_HARD_3,2452
2020-04-01,FZS_KATZ,FZS_KATZ_3,1492
2020-04-01,FZS_LAN*,FZS_LAN*_3,7383
2020-04-01,FZS_LETD,FZS_LETD_3,14
2020-04-01,FZS_LIMM,FZS_LIMM_3,1274
2020-04-01,FZS_MILI,FZS_MILI_3,1159
2020-04-01,FZS_MYTH,FZS_MYTH_3,574
2020-04-01,FZS_OHM*,FZS_OHM*_3,3360
2020-04-01,FZS_ZEHN,FZS_ZEHN_3,988
2020-04-02,FZS_ALT*,FZS_ALT*_4,1838
2020-04-02,FZS_ARBO,FZS_ARBO_4,213
2020-04-02,FZS_CASS,FZS_CASS_4,1312
2020-04-02,FZS_HARD,FZS_HARD_4,2497
2020-04-02,FZS_KATZ,FZS_KATZ_4,1624
2020-04-02,FZS_LAN*,FZS_LAN*_4,7523
2020-04-02,FZS_LETD,FZS_LETD_4,2
2020-04-02,FZS_LIMM,FZS_LIMM_4,1081
2020-04-02,FZS_MILI,FZS_MILI_4,1081
2020-04-02,FZS_MYTH,FZS_MYTH_4,630
2020-04-02,FZS_OHM*,FZS_OHM*_4,3267
2020-04-02,FZS_ZEHN,FZS_ZEHN_4,890
2020-04-03,FZS_ALT*,FZS_ALT*_5,1889
2020-04-03,FZS_ARBO,FZS_ARBO_5,498
2020-04-03,FZS_CASS,FZS_CASS_5,1233
2020-04-03,FZS_HARD,FZS_HARD_5,2660
2020-04-03,FZS_KATZ,FZS_KATZ_5,1601
2020-04-03,FZS_LAN*,FZS_LAN*_5,7986
2020-04-03,FZS_LETD,FZS_LETD_5,7
2020-04-03,FZS_LIMM,FZS_LIMM_5,1198
2020-04-03,FZS_MILI,FZS_MILI_5,1209
2020-04-03,FZS_MYTH,FZS_MYTH_5,499
2020-04-03,FZS_OHM*,FZS_OHM*_5,3529
2020-04-03,FZS_ZEHN,FZS_ZEHN_5,1175
2020-04-04,FZS_ALT*,FZS_ALT*_6,1761
2020-04-04,FZS_ARBO,FZS_ARBO_6,175
2020-04-04,FZS_CASS,FZS_CASS_6,1518
2020-04-04,FZS_HARD,FZS_HARD_6,2241
2020-04-04,FZS_KATZ,FZS_KATZ_6,2154
2020-04-04,FZS_LAN*,FZS_LAN*_6,7974
2020-04-04,FZS_LETD,FZS_LETD_6,1
2020-04-04,FZS_LIMM,FZS_LIMM_6,1054
2020-04-04,FZS_MILI,FZS_MILI_6,1042
2020-04-04,FZS_MYTH,FZS_MYTH_6,584
2020-04-04,FZS_OHM*,FZS_OHM*_6,2938
2020-04-04,FZS_ZEHN,FZS_ZEHN_6,1341
2020-04-05,FZS_ALT*,FZS_ALT*_7,1556
2020-04-05,FZS_ARBO,FZS_ARBO_7,382
2020-04-05,FZS_CASS,FZS_CASS_7,1820
2020-04-05,FZS_HARD,FZS_HARD_7,2252
2020-04-05,FZS_KATZ,FZS_KATZ_7,2628
2020-04-05,FZS_LAN*,FZS_LAN*_7,7024
2020-04-05,FZS_LETD,FZS_LETD_7,5
2020-04-05,FZS_LIMM,FZS_LIMM_7,814
2020-04-05,FZS_MILI,FZS_MILI_7,790
2020-04-05,FZS_MYTH,FZS_MYTH_7,730
2020-04-05,FZS_OHM*,FZS_OHM*_7,1607
2020-04-05,FZS_ZEHN,FZS_ZEHN_7,625
2020-04-06,FZS_ALT*,FZS_ALT*_1,2115
2020-04-06,FZS_ARBO,FZS_ARBO_1,509
2020-04-06,FZS_CASS,FZS_CASS_1,1279
2020-04-06,FZS_HARD,FZS_HARD_1,2505
2020-04-06,FZS_KATZ,FZS_KATZ_1,1805
2020-04-06,FZS_LAN*,FZS_LAN*_1,8316
2020-04-06,FZS_LETD,FZS_LETD_1,16
2020-04-06,FZS_LIMM,FZS_LIMM_1,1590
2020-04-06,FZS_MILI,FZS_MILI_1,1170
2020-04-06,FZS_MYTH,FZS_MYTH_1,525
2020-04-06,FZS_OHM*,FZS_OHM*_1,3665
2020-04-06,FZS_ZEHN,FZS_ZEHN_1,1020
2020-04-07,FZS_ALT*,FZS_ALT*_2,2316
2020-04-07,FZS_ARBO,FZS_ARBO_2,597
2020-04-07,FZS_CASS,FZS_CASS_2,1400
2020-04-07,FZS_HARD,FZS_HARD_2,2603
2020-04-07,FZS_KATZ,FZS_KATZ_2,2498
2020-04-07,FZS_LAN*,FZS_LAN*_2,8383
2020-04-07,FZS_LETD,FZS_LETD_2,14
2020-04-07,FZS_LIMM,FZS_LIMM_2,1315
2020-04-07,FZS_MILI,FZS_MILI_2,1244
2020-04-07,FZS_MYTH,FZS_MYTH_2,546
2020-04-07,FZS_OHM*,FZS_OHM*_2,3452
2020-04-07,FZS_ZEHN,FZS_ZEHN_2,1337
2020-04-08,FZS_ALT*,FZS_ALT*_3,2048
2020-04-08,FZS_ARBO,FZS_ARBO_3,690
2020-04-08,FZS_CASS,FZS_CASS_3,1313
2020-04-08,FZS_HARD,FZS_HARD_3,2584
2020-04-08,FZS_KATZ,FZS_KATZ_3,1975
2020-04-08,FZS_LAN*,FZS_LAN*_3,9186
2020-04-08,FZS_LETD,FZS_LETD_3,40
2020-04-08,FZS_LIMM,FZS_LIMM_3,1124
2020-04-08,FZS_MILI,FZS_MILI_3,1264
2020-04-08,FZS_MYTH,FZS_MYTH_3,606
2020-04-08,FZS_OHM*,FZS_OHM*_3,3779
2020-04-08,FZS_ZEHN,FZS_ZEHN_3,1249
2020-04-09,FZS_ALT*,FZS_ALT*_4,2165
2020-04-09,FZS_ARBO,FZS_ARBO_4,498
2020-04-09,FZS_CASS,FZS_CASS_4,1291
2020-04-09,FZS_HARD,FZS_HARD_4,2618
2020-04-09,FZS_KATZ,FZS_KATZ_4,1471
2020-04-09,FZS_LAN*,FZS_LAN*_4,9240
2020-04-09,FZS_LETD,FZS_LETD_4,23
2020-04-09,FZS_LIMM,FZS_LIMM_4,950
2020-04-09,FZS_MILI,FZS_MILI_4,1343
2020-04-09,FZS_MYTH,FZS_MYTH_4,576
2020-04-09,FZS_OHM*,FZS_OHM*_4,3784
2020-04-09,FZS_ZEHN,FZS_ZEHN_4,1429
2020-04-10,FZS_ALT*,FZS_ALT*_5,1820
2020-04-10,FZS_ARBO,FZS_ARBO_5,335
2020-04-10,FZS_CASS,FZS_CASS_5,1993
2020-04-10,FZS_HARD,FZS_HARD_5,2658
2020-04-10,FZS_KATZ,FZS_KATZ_5,2545
2020-04-10,FZS_LAN*,FZS_LAN*_5,7989
2020-04-10,FZS_LETD,FZS_LETD_5,9
2020-04-10,FZS_LIMM,FZS_LIMM_5,921
2020-04-10,FZS_MILI,FZS_MILI_5,834
2020-04-10,FZS_MYTH,FZS_MYTH_5,792
2020-04-10,FZS_OHM*,FZS_OHM*_5,1958
2020-04-10,FZS_ZEHN,FZS_ZEHN_5,633
2020-04-11,FZS_ALT*,FZS_ALT*_6,1838
2020-04-11,FZS_ARBO,FZS_ARBO_6,692
2020-04-11,FZS_CASS,FZS_CASS_6,1583
2020-04-11,FZS_HARD,FZS_HARD_6,2429
2020-04-11,FZS_KATZ,FZS_KATZ_6,2356
2020-04-11,FZS_LAN*,FZS_LAN*_6,9306
2020-04-11,FZS_LETD,FZS_LETD_6,18
2020-04-11,FZS_LIMM,FZS_LIMM_6,857
2020-04-11,FZS_MILI,FZS_MILI_6,1228
2020-04-11,FZS_MYTH,FZS_MYTH_6,637
2020-04-11,FZS_OHM*,FZS_OHM*_6,3450
2020-04-11,FZS_ZEHN,FZS_ZEHN_6,1575
2020-04-12,FZS_ALT*,FZS_ALT*_7,1434
2020-04-12,FZS_ARBO,FZS_ARBO_7,338
2020-04-12,FZS_CASS,FZS_CASS_7,1767
2020-04-12,FZS_HARD,FZS_HARD_7,2407
2020-04-12,FZS_KATZ,FZS_KATZ_7,2363
2020-04-12,FZS_LAN*,FZS_LAN*_7,7024
2020-04-12,FZS_LETD,FZS_LETD_7,8
2020-04-12,FZS_LIMM,FZS_LIMM_7,745
2020-04-12,FZS_MILI,FZS_MILI_7,777
2020-04-12,FZS_MYTH,FZS_MYTH_7,716
2020-04-12,FZS_OHM*,FZS_OHM*_7,1436
2020-04-12,FZS_ZEHN,FZS_ZEHN_7,685
2020-04-13,FZS_ALT*,FZS_ALT*_1,1738
2020-04-13,FZS_ARBO,FZS_ARBO_1,658
2020-04-13,FZS_CASS,FZS_CASS_1,1772
2020-04-13,FZS_HARD,FZS_HARD_1,2529
2020-04-13,FZS_KATZ,FZS_KATZ_1,2515
2020-04-13,FZS_LAN*,FZS_LAN*_1,7520
2020-04-13,FZS_LETD,FZS_LETD_1,28
2020-04-13,FZS_LIMM,FZS_LIMM_1,846
2020-04-13,FZS_MILI,FZS_MILI_1,816
2020-04-13,FZS_MYTH,FZS_MYTH_1,744
2020-04-13,FZS_OHM*,FZS_OHM*_1,1538
2020-04-13,FZS_ZEHN,FZS_ZEHN_1,594
2020-04-14,FZS_ALT*,FZS_ALT*_2,2208
2020-04-14,FZS_ARBO,FZS_ARBO_2,105
2020-04-14,FZS_CASS,FZS_CASS_2,1144
2020-04-14,FZS_HARD,FZS_HARD_2,2466
2020-04-14,FZS_KATZ,FZS_KATZ_2,1403
2020-04-14,FZS_LAN*,FZS_LAN*_2,7973
2020-04-14,FZS_LETD,FZS_LETD_2,11
2020-04-14,FZS_LIMM,FZS_LIMM_2,1125
2020-04-14,FZS_MILI,FZS_MILI_2,1112
2020-04-14,FZS_MYTH,FZS_MYTH_2,443
2020-04-14,FZS_OHM*,FZS_OHM*_2,3582
2020-04-14,FZS_ZEHN,FZS_ZEHN_2,1195
2020-04-15,FZS_ALT*,FZS_ALT*_3,2095
2020-04-15,FZS_ARBO,FZS_ARBO_3,517
2020-04-15,FZS_CASS,FZS_CASS_3,1527
2020-04-15,FZS_HARD,FZS_HARD_3,2808
2020-04-15,FZS_KATZ,FZS_KATZ_3,1854
2020-04-15,FZS_LAN*,FZS_LAN*_3,9536
2020-04-15,FZS_LETD,FZS_LETD_3,26
2020-04-15,FZS_LIMM,FZS_LIMM_3,2140
2020-04-15,FZS_MILI,FZS_MILI_3,1256
2020-04-15,FZS_MYTH,FZS_MYTH_3,575
2020-04-15,FZS_OHM*,FZS_OHM*_3,3577
2020-04-15,FZS_ZEHN,FZS_ZEHN_3,1033
2020-04-16,FZS_ALT*,FZS_ALT*_4,1966
2020-04-16,FZS_ARBO,FZS_ARBO_4,687
2020-04-16,FZS_CASS,FZS_CASS_4,1570
2020-04-16,FZS_HARD,FZS_HARD_4,2618
2020-04-16,FZS_KATZ,FZS_KATZ_4,1861
2020-04-16,FZS_LAN*,FZS_LAN*_4,9656
2020-04-16,FZS_LETD,FZS_LETD_4,22
2020-04-16,FZS_LIMM,FZS_LIMM_4,1473
2020-04-16,FZS_MILI,FZS_MILI_4,1239
2020-04-16,FZS_MYTH,FZS_MYTH_4,609
2020-04-16,FZS_OHM*,FZS_OHM*_4,3321
2020-04-16,FZS_ZEHN,FZS_ZEHN_4,1202
2020-04-17,FZS_ALT*,FZS_ALT*_5,2018
2020-04-17,FZS_ARBO,FZS_ARBO_5,767
2020-04-17,FZS_CASS,FZS_CASS_5,1520
2020-04-17,FZS_HARD,FZS_HARD_5,2781
2020-04-17,FZS_KATZ,FZS_KATZ_5,2213
2020-04-17,FZS_LAN*,FZS_LAN*_5,10514
2020-04-17,FZS_LETD,FZS_LETD_5,16
2020-04-17,FZS_LIMM,FZS_LIMM_5,1339
2020-04-17,FZS_MILI,FZS_MILI_5,1375
2020-04-17,FZS_MYTH,FZS_MYTH_5,736
2020-04-17,FZS_OHM*,FZS_OHM*_5,3359
2020-04-17,FZS_ZEHN,FZS_ZEHN_5,1342
2020-04-18,FZS_ALT*,FZS_ALT*_6,1651
2020-04-18,FZS_ARBO,FZS_ARBO_6,311
2020-04-18,FZS_CASS,FZS_CASS_6,1961
2020-04-18,FZS_HARD,FZS_HARD_6,2712
2020-04-18,FZS_KATZ,FZS_KATZ_6,2562
2020-04-18,FZS_LAN*,FZS_LAN*_6,10715
2020-04-18,FZS_LETD,FZS_LETD_6,19
2020-04-18,FZS_LIMM,FZS_LIMM_6,1284
2020-04-18,FZS_MILI,FZS_MILI_6,1312
2020-04-18,FZS_MYTH,FZS_MYTH_6,835
2020-04-18,FZS_OHM*,FZS_OHM*_6,2878
2020-04-18,FZS_ZEHN,FZS_ZEHN_6,1389
2020-04-19,FZS_ALT*,FZS_ALT*_7,1503
2020-04-19,FZS_ARBO,FZS_ARBO_7,235
2020-04-19,FZS_CASS,FZS_CASS_7,1983
2020-04-19,FZS_HARD,FZS_HARD_7,2537
2020-04-19,FZS_KATZ,FZS_KATZ_7,2395
2020-04-19,FZS_LAN*,FZS_LAN*_7,7649
2020-04-19,FZS_LETD,FZS_LETD_7,58
2020-04-19,FZS_LIMM,FZS_LIMM_7,1133
2020-04-19,FZS_MILI,FZS_MILI_7,907
2020-04-19,FZS_MYTH,FZS_MYTH_7,829
2020-04-19,FZS_OHM*,FZS_OHM*_7,1534
2020-04-19,FZS_ZEHN,FZS_ZEHN_7,564
2020-04-20,FZS_ALT*,FZS_ALT*_1,1941
2020-04-20,FZS_ARBO,FZS_ARBO_1,309
2020-04-20,FZS_CASS,FZS_CASS_1,1420
2020-04-20,FZS_HARD,FZS_HARD_1,2474
2020-04-20,FZS_KATZ,FZS_KATZ_1,1649
2020-04-20,FZS_LAN*,FZS_LAN*_1,7757
2020-04-20,FZS_LETD,FZS_LETD_1,26
2020-04-20,FZS_LIMM,FZS_LIMM_1,1600
2020-04-20,FZS_MILI,FZS_MILI_1,1175
2020-04-20,FZS_MYTH,FZS_MYTH_1,535
2020-04-20,FZS_OHM*,FZS_OHM*_1,2800
2020-04-20,FZS_ZEHN,FZS_ZEHN_1,1001
2020-04-21,FZS_ALT*,FZS_ALT*_2,1987
2020-04-21,FZS_ARBO,FZS_ARBO_2,119
2020-04-21,FZS_CASS,FZS_CASS_2,1254
2020-04-21,FZS_HARD,FZS_HARD_2,2529
2020-04-21,FZS_KATZ,FZS_KATZ_2,1213
2020-04-21,FZS_LAN*,FZS_LAN*_2,8688
2020-04-21,FZS_LETD,FZS_LETD_2,20
2020-04-21,FZS_LIMM,FZS_LIMM_2,1967
2020-04-21,FZS_MILI,FZS_MILI_2,1236
2020-04-21,FZS_MYTH,FZS_MYTH_2,500
2020-04-21,FZS_OHM*,FZS_OHM*_2,2663
2020-04-21,FZS_ZEHN,FZS_ZEHN_2,958
2020-04-22,FZS_ALT*,FZS_ALT*_3,2276
2020-04-22,FZS_ARBO,FZS_ARBO_3,136
2020-04-22,FZS_CASS,FZS_CASS_3,1717
2020-04-22,FZS_HARD,FZS_HARD_3,2879
2020-04-22,FZS_KATZ,FZS_KATZ_3,2200
2020-04-22,FZS_LAN*,FZS_LAN*_3,10227
2020-04-22,FZS_LETD,FZS_LETD_3,39
2020-04-22,FZS_LIMM,FZS_LIMM_3,1368
2020-04-22,FZS_MILI,FZS_MILI_3,1337
2020-04-22,FZS_MYTH,FZS_MYTH_3,721
2020-04-22,FZS_OHM*,FZS_OHM*_3,3275
2020-04-22,FZS_ZEHN,FZS_ZEHN_3,1198
2020-04-23,FZS_ALT*,FZS_ALT*_4,2378
2020-04-23,FZS_ARBO,FZS_ARBO_4,220
2020-04-23,FZS_CASS,FZS_CASS_4,1685
2020-04-23,FZS_HARD,FZS_HARD_4,1623
2020-04-23,FZS_KATZ,FZS_KATZ_4,1922
2020-04-23,FZS_LAN*,FZS_LAN*_4,10377
2020-04-23,FZS_LETD,FZS_LETD_4,1172
2020-04-23,FZS_LIMM,FZS_LIMM_4,1690
2020-04-23,FZS_MILI,FZS_MILI_4,1449
2020-04-23,FZS_MYTH,FZS_MYTH_4,746
2020-04-23,FZS_OHM*,FZS_OHM*_4,3295
2020-04-23,FZS_ZEHN,FZS_ZEHN_4,1185
2020-04-24,FZS_ALT*,FZS_ALT*_5,2070
2020-04-24,FZS_ARBO,FZS_ARBO_5,613
2020-04-24,FZS_CASS,FZS_CASS_5,1612
2020-04-24,FZS_HARD,FZS_HARD_5,419
2020-04-24,FZS_KATZ,FZS_KATZ_5,1730
2020-04-24,FZS_LAN*,FZS_LAN*_5,10854
2020-04-24,FZS_LETD,FZS_LETD_5,803
2020-04-24,FZS_LIMM,FZS_LIMM_5,1735
2020-04-24,FZS_MILI,FZS_MILI_5,1453
2020-04-24,FZS_MYTH,FZS_MYTH_5,684
2020-04-24,FZS_OHM*,FZS_OHM*_5,3368
2020-04-24,FZS_ZEHN,FZS_ZEHN_5,1306
2020-04-25,FZS_ALT*,FZS_ALT*_6,1773
2020-04-25,FZS_ARBO,FZS_ARBO_6,250
2020-04-25,FZS_CASS,FZS_CASS_6,2131
2020-04-25,FZS_HARD,FZS_HARD_6,413
2020-04-25,FZS_KATZ,FZS_KATZ_6,2054
2020-04-25,FZS_LAN*,FZS_LAN*_6,10639
2020-04-25,FZS_LETD,FZS_LETD_6,852
2020-04-25,FZS_LIMM,FZS_LIMM_6,1527
2020-04-25,FZS_MILI,FZS_MILI_6,1362
2020-04-25,FZS_MYTH,FZS_MYTH_6,887
2020-04-25,FZS_OHM*,FZS_OHM*_6,2539
2020-04-25,FZS_ZEHN,FZS_ZEHN_6,1450
2020-04-26,FZS_ALT*,FZS_ALT*_7,1720
2020-04-26,FZS_ARBO,FZS_ARBO_7,166
2020-04-26,FZS_CASS,FZS_CASS_7,1961
2020-04-26,FZS_HARD,FZS_HARD_7,347
2020-04-26,FZS_KATZ,FZS_KATZ_7,2421
2020-04-26,FZS_LAN*,FZS_LAN*_7,4485
2020-04-26,FZS_LETD,FZS_LETD_7,957
2020-04-26,FZS_LIMM,FZS_LIMM_7,1901
2020-04-26,FZS_MILI,FZS_MILI_7,920
2020-04-26,FZS_MYTH,FZS_MYTH_7,976
2020-04-26,FZS_OHM*,FZS_OHM*_7,1511
2020-04-26,FZS_ZEHN,FZS_ZEHN_7,537
2020-04-27,FZS_ALT*,FZS_ALT*_1,2777
2020-04-27,FZS_ARBO,FZS_ARBO_1,118
2020-04-27,FZS_CASS,FZS_CASS_1,1519
2020-04-27,FZS_HARD,FZS_HARD_1,466
2020-04-27,FZS_KATZ,FZS_KATZ_1,1728
2020-04-27,FZS_LAN*,FZS_LAN*_1,5951
2020-04-27,FZS_LETD,FZS_LETD_1,887
2020-04-27,FZS_LIMM,FZS_LIMM_1,2624
2020-04-27,FZS_MILI,FZS_MILI_1,1563
2020-04-27,FZS_MYTH,FZS_MYTH_1,738
2020-04-27,FZS_OHM*,FZS_OHM*_1,4494
2020-04-27,FZS_ZEHN,FZS_ZEHN_1,1152
2020-04-28,FZS_ALT*,FZS_ALT*_2,2071
2020-04-28,FZS_ARBO,FZS_ARBO_2,530
2020-04-28,FZS_CASS,FZS_CASS_2,550
2020-04-28,FZS_HARD,FZS_HARD_2,238
2020-04-28,FZS_KATZ,FZS_KATZ_2,534
2020-04-28,FZS_LAN*,FZS_LAN*_2,3379
2020-04-28,FZS_LETD,FZS_LETD_2,583
2020-04-28,FZS_LIMM,FZS_LIMM_2,2185
2020-04-28,FZS_MILI,FZS_MILI_2,940
2020-04-28,FZS_MYTH,FZS_MYTH_2,292
2020-04-28,FZS_OHM*,FZS_OHM*_2,2591
2020-04-28,FZS_ZEHN,FZS_ZEHN_2,829
2020-04-29,FZS_ALT*,FZS_ALT*_3,2288
2020-04-29,FZS_ARBO,FZS_ARBO_3,592
2020-04-29,FZS_CASS,FZS_CASS_3,1108
2020-04-29,FZS_HARD,FZS_HARD_3,475
2020-04-29,FZS_KATZ,FZS_KATZ_3,955
2020-04-29,FZS_LAN*,FZS_LAN*_3,4494
2020-04-29,FZS_LETD,FZS_LETD_3,955
2020-04-29,FZS_LIMM,FZS_LIMM_3,2136
2020-04-29,FZS_MILI,FZS_MILI_3,1251
2020-04-29,FZS_MYTH,FZS_MYTH_3,484
2020-04-29,FZS_OHM*,FZS_OHM*_3,3286
2020-04-29,FZS_ZEHN,FZS_ZEHN_3,992
2020-04-30,FZS_ALT*,FZS_ALT*_4,2159
2020-04-30,FZS_ARBO,FZS_ARBO_4,523
2020-04-30,FZS_CASS,FZS_CASS_4,490
2020-04-30,FZS_KATZ,FZS_KATZ_4,552
2020-04-30,FZS_LAN*,FZS_LAN*_4,3351
2020-04-30,FZS_LIMM,FZS_LIMM_4,1701
2020-04-30,FZS_MILI,FZS_MILI_4,968
2020-04-30,FZS_MYTH,FZS_MYTH_4,244
2020-04-30,FZS_OHM*,FZS_OHM*_4,3224
2020-04-30,FZS_ZEHN,FZS_ZEHN_4,944
2020-05-01,FZS_ALT*,FZS_ALT*_5,1645
2020-05-01,FZS_ARBO,FZS_ARBO_5,481
2020-05-01,FZS_CASS,FZS_CASS_5,1094
2020-05-01,FZS_KATZ,FZS_KATZ_5,837
2020-05-01,FZS_LAN*,FZS_LAN*_5,2972
2020-05-01,FZS_LIMM,FZS_LIMM_5,1151
2020-05-01,FZS_MILI,FZS_MILI_5,532
2020-05-01,FZS_MYTH,FZS_MYTH_5,470
2020-05-01,FZS_OHM*,FZS_OHM*_5,1310
2020-05-01,FZS_ZEHN,FZS_ZEHN_5,282
2020-05-02,FZS_ALT*,FZS_ALT*_6,2024
2020-05-02,FZS_ARBO,FZS_ARBO_6,287
2020-05-02,FZS_CASS,FZS_CASS_6,1007
2020-05-02,FZS_KATZ,FZS_KATZ_6,712
2020-05-02,FZS_LAN*,FZS_LAN*_6,3561
2020-05-02,FZS_LIMM,FZS_LIMM_6,1502
2020-05-02,FZS_MILI,FZS_MILI_6,844
2020-05-02,FZS_MYTH,FZS_MYTH_6,378
2020-05-02,FZS_OHM*,FZS_OHM*_6,2590
2020-05-02,FZS_ZEHN,FZS_ZEHN_6,1389
2020-05-03,FZS_ALT*,FZS_ALT*_7,1687
2020-05-03,FZS_ARBO,FZS_ARBO_7,315
2020-05-03,FZS_CASS,FZS_CASS_7,2741
2020-05-03,FZS_KATZ,FZS_KATZ_7,2407
2020-05-03,FZS_LAN*,FZS_LAN*_7,4499
2020-05-03,FZS_LIMM,FZS_LIMM_7,1283
2020-05-03,FZS_MILI,FZS_MILI_7,931
2020-05-03,FZS_MYTH,FZS_MYTH_7,893
2020-05-03,FZS_OHM*,FZS_OHM*_7,1579
2020-05-03,FZS_ZEHN,FZS_ZEHN_7,687
2020-05-04,FZS_ALT*,FZS_ALT*_1,2394
2020-05-04,FZS_ARBO,FZS_ARBO_1,616
2020-05-04,FZS_CASS,FZS_CASS_1,1439
2020-05-04,FZS_KATZ,FZS_KATZ_1,1330
2020-05-04,FZS_LAN*,FZS_LAN*_1,5442
2020-05-04,FZS_LIMM,FZS_LIMM_1,1856
2020-05-04,FZS_MILI,FZS_MILI_1,1487
2020-05-04,FZS_MYTH,FZS_MYTH_1,617
2020-05-04,FZS_OHM*,FZS_OHM*_1,4025
2020-05-04,FZS_ZEHN,FZS_ZEHN_1,1213
2020-05-05,FZS_ALT*,FZS_ALT*_2,2046
2020-05-05,FZS_ARBO,FZS_ARBO_2,569
2020-05-05,FZS_CASS,FZS_CASS_2,554
2020-05-05,FZS_KATZ,FZS_KATZ_2,529
2020-05-05,FZS_LAN*,FZS_LAN*_2,3236
2020-05-05,FZS_LIMM,FZS_LIMM_2,1560
2020-05-05,FZS_MILI,FZS_MILI_2,847
2020-05-05,FZS_MYTH,FZS_MYTH_2,346
2020-05-05,FZS_OHM*,FZS_OHM*_2,2575
2020-05-05,FZS_ZEHN,FZS_ZEHN_2,852
2020-05-06,FZS_ALT*,FZS_ALT*_3,2425
2020-05-06,FZS_ARBO,FZS_ARBO_3,350
2020-05-06,FZS_CASS,FZS_CASS_3,1472
2020-05-06,FZS_KATZ,FZS_KATZ_3,1674
2020-05-06,FZS_LAN*,FZS_LAN*_3,5895
2020-05-06,FZS_LIMM,FZS_LIMM_3,3271
2020-05-06,FZS_MILI,FZS_MILI_3,1601
2020-05-06,FZS_MYTH,FZS_MYTH_3,658
2020-05-06,FZS_OHM*,FZS_OHM*_3,3741
2020-05-06,FZS_ZEHN,FZS_ZEHN_3,1126
2020-05-07,FZS_ALT*,FZS_ALT*_4,2541
2020-05-07,FZS_ARBO,FZS_ARBO_4,588
2020-05-07,FZS_CASS,FZS_CASS_4,1852
2020-05-07,FZS_KATZ,FZS_KATZ_4,1827
2020-05-07,FZS_LAN*,FZS_LAN*_4,6648
2020-05-07,FZS_LIMM,FZS_LIMM_4,2027
2020-05-07,FZS_MILI,FZS_MILI_4,1993
2020-05-07,FZS_MYTH,FZS_MYTH_4,855
2020-05-07,FZS_OHM*,FZS_OHM*_4,4336
2020-05-07,FZS_ZEHN,FZS_ZEHN_4,1218
2020-05-08,FZS_ALT*,FZS_ALT*_5,2324
2020-05-08,FZS_ARBO,FZS_ARBO_5,88
2020-05-08,FZS_CASS,FZS_CASS_5,1579
2020-05-08,FZS_KATZ,FZS_KATZ_5,1748
2020-05-08,FZS_LAN*,FZS_LAN*_5,6790
2020-05-08,FZS_LIMM,FZS_LIMM_5,1914
2020-05-08,FZS_MILI,FZS_MILI_5,1694
2020-05-08,FZS_MYTH,FZS_MYTH_5,856
2020-05-08,FZS_OHM*,FZS_OHM*_5,3950
2020-05-08,FZS_ZEHN,FZS_ZEHN_5,1307
2020-05-09,FZS_ALT*,FZS_ALT*_6,2103
2020-05-09,FZS_ARBO,FZS_ARBO_6,331
2020-05-09,FZS_CASS,FZS_CASS_6,2325
2020-05-09,FZS_KATZ,FZS_KATZ_6,2133
2020-05-09,FZS_LAN*,FZS_LAN*_6,6630
2020-05-09,FZS_LIMM,FZS_LIMM_6,1899
2020-05-09,FZS_MILI,FZS_MILI_6,1522
2020-05-09,FZS_MYTH,FZS_MYTH_6,1357
2020-05-09,FZS_OHM*,FZS_OHM*_6,3234
2020-05-09,FZS_ZEHN,FZS_ZEHN_6,1515
2020-05-10,FZS_ALT*,FZS_ALT*_7,1713
2020-05-10,FZS_ARBO,FZS_ARBO_7,317
2020-05-10,FZS_CASS,FZS_CASS_7,2782
2020-05-10,FZS_KATZ,FZS_KATZ_7,2422
2020-05-10,FZS_LAN*,FZS_LAN*_7,4525
2020-05-10,FZS_LIMM,FZS_LIMM_7,1351
2020-05-10,FZS_MILI,FZS_MILI_7,943
2020-05-10,FZS_MYTH,FZS_MYTH_7,1235
2020-05-10,FZS_OHM*,FZS_OHM*_7,1824
2020-05-10,FZS_ZEHN,FZS_ZEHN_7,661
2020-05-11,FZS_ALT*,FZS_ALT*_1,2197
2020-05-11,FZS_ARBO,FZS_ARBO_1,1616
2020-05-11,FZS_CASS,FZS_CASS_1,505
2020-05-11,FZS_KATZ,FZS_KATZ_1,415
2020-05-11,FZS_LAN*,FZS_LAN*_1,4396
2020-05-11,FZS_LIMM,FZS_LIMM_1,2193
2020-05-11,FZS_MILI,FZS_MILI_1,1420
2020-05-11,FZS_MYTH,FZS_MYTH_1,321
2020-05-11,FZS_OHM*,FZS_OHM*_1,4293
2020-05-11,FZS_ZEHN,FZS_ZEHN_1,765
2020-05-12,FZS_ALT*,FZS_ALT*_2,2518
2020-05-12,FZS_ARBO,FZS_ARBO_2,2066
2020-05-12,FZS_CASS,FZS_CASS_2,1052
2020-05-12,FZS_KATZ,FZS_KATZ_2,969
2020-05-12,FZS_LAN*,FZS_LAN*_2,6483
2020-05-12,FZS_LIMM,FZS_LIMM_2,2821
2020-05-12,FZS_MILI,FZS_MILI_2,1997
2020-05-12,FZS_MYTH,FZS_MYTH_2,534
2020-05-12,FZS_OHM*,FZS_OHM*_2,5566
2020-05-12,FZS_ZEHN,FZS_ZEHN_2,925
2020-05-13,FZS_ALT*,FZS_ALT*_3,2405
2020-05-13,FZS_ARBO,FZS_ARBO_3,1954
2020-05-13,FZS_CASS,FZS_CASS_3,658
2020-05-13,FZS_KATZ,FZS_KATZ_3,576
2020-05-13,FZS_LAN*,FZS_LAN*_3,5460
2020-05-13,FZS_LIMM,FZS_LIMM_3,3076
2020-05-13,FZS_MILI,FZS_MILI_3,1568
2020-05-13,FZS_MYTH,FZS_MYTH_3,403
2020-05-13,FZS_OHM*,FZS_OHM*_3,4782
2020-05-13,FZS_ZEHN,FZS_ZEHN_3,868
2020-05-14,FZS_ALT*,FZS_ALT*_4,2445
2020-05-14,FZS_ARBO,FZS_ARBO_4,2112
2020-05-14,FZS_CASS,FZS_CASS_4,746
2020-05-14,FZS_KATZ,FZS_KATZ_4,641
2020-05-14,FZS_LAN*,FZS_LAN*_4,11117
2020-05-14,FZS_LIMM,FZS_LIMM_4,3641
2020-05-14,FZS_MILI,FZS_MILI_4,1660
2020-05-14,FZS_MYTH,FZS_MYTH_4,417
2020-05-14,FZS_OHM*,FZS_OHM*_4,6291
2020-05-14,FZS_ZEHN,FZS_ZEHN_4,836
2020-05-15,FZS_ALT*,FZS_ALT*_5,2390
2020-05-15,FZS_ARBO,FZS_ARBO_5,1954
2020-05-15,FZS_CASS,FZS_CASS_5,878
2020-05-15,FZS_KATZ,FZS_KATZ_5,846
2020-05-15,FZS_LAN*,FZS_LAN*_5,13271
2020-05-15,FZS_LIMM,FZS_LIMM_5,3743
2020-05-15,FZS_MILI,FZS_MILI_5,2152
2020-05-15,FZS_MYTH,FZS_MYTH_5,431
2020-05-15,FZS_OHM*,FZS_OHM*_5,6877
2020-05-15,FZS_ZEHN,FZS_ZEHN_5,1075
2020-05-16,FZS_ALT*,FZS_ALT*_6,2154
2020-05-16,FZS_ARBO,FZS_ARBO_6,4374
2020-05-16,FZS_CASS,FZS_CASS_6,1654
2020-05-16,FZS_KATZ,FZS_KATZ_6,1783
2020-05-16,FZS_LAN*,FZS_LAN*_6,17132
2020-05-16,FZS_LIMM,FZS_LIMM_6,5901
2020-05-16,FZS_MILI,FZS_MILI_6,2859
2020-05-16,FZS_MYTH,FZS_MYTH_6,765
2020-05-16,FZS_OHM*,FZS_OHM*_6,7065
2020-05-16,FZS_ZEHN,FZS_ZEHN_6,1274
2020-05-17,FZS_ALT*,FZS_ALT*_7,2101
2020-05-17,FZS_ARBO,FZS_ARBO_7,6746
2020-05-17,FZS_CASS,FZS_CASS_7,2957
2020-05-17,FZS_KATZ,FZS_KATZ_7,2928
2020-05-17,FZS_LAN*,FZS_LAN*_7,11233
2020-05-17,FZS_LIMM,FZS_LIMM_7,2686
2020-05-17,FZS_MILI,FZS_MILI_7,1354
2020-05-17,FZS_MYTH,FZS_MYTH_7,1345
2020-05-17,FZS_OHM*,FZS_OHM*_7,2594
2020-05-17,FZS_ZEHN,FZS_ZEHN_7,717
2020-05-18,FZS_ALT*,FZS_ALT*_1,2877
2020-05-18,FZS_ARBO,FZS_ARBO_1,3819
2020-05-18,FZS_CASS,FZS_CASS_1,1544
2020-05-18,FZS_KATZ,FZS_KATZ_1,1488
2020-05-18,FZS_LAN*,FZS_LAN*_1,12862
2020-05-18,FZS_LIMM,FZS_LIMM_1,3441
2020-05-18,FZS_MILI,FZS_MILI_1,2581
2020-05-18,FZS_MYTH,FZS_MYTH_1,830
2020-05-18,FZS_OHM*,FZS_OHM*_1,7394
2020-05-18,FZS_ZEHN,FZS_ZEHN_1,1300
2020-05-19,FZS_ALT*,FZS_ALT*_2,3001
2020-05-19,FZS_ARBO,FZS_ARBO_2,4648
2020-05-19,FZS_CASS,FZS_CASS_2,1484
2020-05-19,FZS_KATZ,FZS_KATZ_2,1490
2020-05-19,FZS_LAN*,FZS_LAN*_2,13261
2020-05-19,FZS_LIMM,FZS_LIMM_2,3306
2020-05-19,FZS_MILI,FZS_MILI_2,2729
2020-05-19,FZS_MYTH,FZS_MYTH_2,828
2020-05-19,FZS_OHM*,FZS_OHM*_2,6933
2020-05-19,FZS_ZEHN,FZS_ZEHN_2,1232
2020-05-20,FZS_ALT*,FZS_ALT*_3,3133
2020-05-20,FZS_ARBO,FZS_ARBO_3,4560
2020-05-20,FZS_CASS,FZS_CASS_3,1380
2020-05-20,FZS_KATZ,FZS_KATZ_3,1342
2020-05-20,FZS_LAN*,FZS_LAN*_3,13830
2020-05-20,FZS_LIMM,FZS_LIMM_3,4027
2020-05-20,FZS_MILI,FZS_MILI_3,2824
2020-05-20,FZS_MYTH,FZS_MYTH_3,740
2020-05-20,FZS_OHM*,FZS_OHM*_3,7287
2020-05-20,FZS_ZEHN,FZS_ZEHN_3,1454
2020-05-21,FZS_ALT*,FZS_ALT*_4,2192
2020-05-21,FZS_ARBO,FZS_ARBO_4,4608
2020-05-21,FZS_CASS,FZS_CASS_4,2851
2020-05-21,FZS_KATZ,FZS_KATZ_4,2483
2020-05-21,FZS_LAN*,FZS_LAN*_4,10764
2020-05-21,FZS_LIMM,FZS_LIMM_4,2775
2020-05-21,FZS_MILI,FZS_MILI_4,1309
2020-05-21,FZS_MYTH,FZS_MYTH_4,1565
2020-05-21,FZS_OHM*,FZS_OHM*_4,2804
2020-05-21,FZS_ZEHN,FZS_ZEHN_4,866
2020-05-22,FZS_ALT*,FZS_ALT*_5,1941
2020-05-22,FZS_ARBO,FZS_ARBO_5,4495
2020-05-22,FZS_CASS,FZS_CASS_5,1386
2020-05-22,FZS_KATZ,FZS_KATZ_5,1236
2020-05-22,FZS_LAN*,FZS_LAN*_5,12805
2020-05-22,FZS_LIMM,FZS_LIMM_5,5094
2020-05-22,FZS_MILI,FZS_MILI_5,2628
2020-05-22,FZS_MYTH,FZS_MYTH_5,831
2020-05-22,FZS_OHM*,FZS_OHM*_5,5995
2020-05-22,FZS_ZEHN,FZS_ZEHN_5,1295
2020-05-23,FZS_ALT*,FZS_ALT*_6,1543
2020-05-23,FZS_ARBO,FZS_ARBO_6,1686
2020-05-23,FZS_CASS,FZS_CASS_6,790
2020-05-23,FZS_KATZ,FZS_KATZ_6,599
2020-05-23,FZS_LAN*,FZS_LAN*_6,8378
2020-05-23,FZS_LIMM,FZS_LIMM_6,3497
2020-05-23,FZS_MILI,FZS_MILI_6,1385
2020-05-23,FZS_MYTH,FZS_MYTH_6,365
2020-05-23,FZS_OHM*,FZS_OHM*_6,5082
2020-05-23,FZS_ZEHN,FZS_ZEHN_6,841
2020-05-24,FZS_ALT*,FZS_ALT*_7,1586
2020-05-24,FZS_ARBO,FZS_ARBO_7,5585
2020-05-24,FZS_CASS,FZS_CASS_7,2422
2020-05-24,FZS_KATZ,FZS_KATZ_7,2157
2020-05-24,FZS_LAN*,FZS_LAN*_7,9309
2020-05-24,FZS_LIMM,FZS_LIMM_7,2773
2020-05-24,FZS_MILI,FZS_MILI_7,1036
2020-05-24,FZS_MYTH,FZS_MYTH_7,984
2020-05-24,FZS_OHM*,FZS_OHM*_7,2667
2020-05-24,FZS_ZEHN,FZS_ZEHN_7,627
2020-05-25,FZS_ALT*,FZS_ALT*_1,2683
2020-05-25,FZS_ARBO,FZS_ARBO_1,3083
2020-05-25,FZS_CASS,FZS_CASS_1,1346
2020-05-25,FZS_KATZ,FZS_KATZ_1,1213
2020-05-25,FZS_LAN*,FZS_LAN*_1,12000
2020-05-25,FZS_LIMM,FZS_LIMM_1,3474
2020-05-25,FZS_MILI,FZS_MILI_1,2707
2020-05-25,FZS_MYTH,FZS_MYTH_1,667
2020-05-25,FZS_OHM*,FZS_OHM*_1,7599
2020-05-25,FZS_ZEHN,FZS_ZEHN_1,1220
2020-05-26,FZS_ALT*,FZS_ALT*_2,3211
2020-05-26,FZS_ARBO,FZS_ARBO_2,4045
2020-05-26,FZS_CASS,FZS_CASS_2,1460
2020-05-26,FZS_KATZ,FZS_KATZ_2,1567
2020-05-26,FZS_LAN*,FZS_LAN*_2,14137
2020-05-26,FZS_LIMM,FZS_LIMM_2,3796
2020-05-26,FZS_MILI,FZS_MILI_2,2975
2020-05-26,FZS_MYTH,FZS_MYTH_2,718
2020-05-26,FZS_OHM*,FZS_OHM*_2,7691
2020-05-26,FZS_ZEHN,FZS_ZEHN_2,1203
2020-05-27,FZS_ALT*,FZS_ALT*_3,3141
2020-05-27,FZS_ARBO,FZS_ARBO_3,5025
2020-05-27,FZS_CASS,FZS_CASS_3,1714
2020-05-27,FZS_KATZ,FZS_KATZ_3,1755
2020-05-27,FZS_LAN*,FZS_LAN*_3,14941
2020-05-27,FZS_LIMM,FZS_LIMM_3,4387
2020-05-27,FZS_MILI,FZS_MILI_3,3326
2020-05-27,FZS_MYTH,FZS_MYTH_3,882
2020-05-27,FZS_OHM*,FZS_OHM*_3,7948
2020-05-27,FZS_ZEHN,FZS_ZEHN_3,1312
2020-05-28,FZS_ALT*,FZS_ALT*_4,3131
2020-05-28,FZS_ARBO,FZS_ARBO_4,3269
2020-05-28,FZS_CASS,FZS_CASS_4,1220
2020-05-28,FZS_KATZ,FZS_KATZ_4,1157
2020-05-28,FZS_LAN*,FZS_LAN*_4,14328
2020-05-28,FZS_LIMM,FZS_LIMM_4,3917
2020-05-28,FZS_MILI,FZS_MILI_4,2837
2020-05-28,FZS_MYTH,FZS_MYTH_4,657
2020-05-28,FZS_OHM*,FZS_OHM*_4,4511
2020-05-28,FZS_ZEHN,FZS_ZEHN_4,1143
2020-05-29,FZS_ALT*,FZS_ALT*_5,3367
2020-05-29,FZS_ARBO,FZS_ARBO_5,4159
2020-05-29,FZS_CASS,FZS_CASS_5,1418
2020-05-29,FZS_KATZ,FZS_KATZ_5,1149
2020-05-29,FZS_LAN*,FZS_LAN*_5,15484
2020-05-29,FZS_LIMM,FZS_LIMM_5,4745
2020-05-29,FZS_MILI,FZS_MILI_5,3858
2020-05-29,FZS_MYTH,FZS_MYTH_5,740
2020-05-29,FZS_OHM*,FZS_OHM*_5,5198
2020-05-29,FZS_ZEHN,FZS_ZEHN_5,1170
2020-05-30,FZS_ALT*,FZS_ALT*_6,2515
2020-05-30,FZS_ARBO,FZS_ARBO_6,5105
2020-05-30,FZS_CASS,FZS_CASS_6,1668
2020-05-30,FZS_KATZ,FZS_KATZ_6,1367
2020-05-30,FZS_LAN*,FZS_LAN*_6,14740
2020-05-30,FZS_LIMM,FZS_LIMM_6,5881
2020-05-30,FZS_MILI,FZS_MILI_6,3492
2020-05-30,FZS_MYTH,FZS_MYTH_6,765
2020-05-30,FZS_OHM*,FZS_OHM*_6,4725
2020-05-30,FZS_ZEHN,FZS_ZEHN_6,1297
2020-05-31,FZS_ALT*,FZS_ALT*_7,2468
2020-05-31,FZS_ARBO,FZS_ARBO_7,8233
2020-05-31,FZS_CASS,FZS_CASS_7,2676
2020-05-31,FZS_KATZ,FZS_KATZ_7,2226
2020-05-31,FZS_LAN*,FZS_LAN*_7,9959
2020-05-31,FZS_LIMM,FZS_LIMM_7,3387
2020-05-31,FZS_MILI,FZS_MILI_7,1805
2020-05-31,FZS_MYTH,FZS_MYTH_7,1142
2020-05-31,FZS_OHM*,FZS_OHM*_7,1703
2020-05-31,FZS_ZEHN,FZS_ZEHN_7,539
2020-06-01,FZS_ALT*,FZS_ALT*_1,2499
2020-06-01,FZS_ARBO,FZS_ARBO_1,8299
2020-06-01,FZS_CASS,FZS_CASS_1,2919
2020-06-01,FZS_KATZ,FZS_KATZ_1,2564
2020-06-01,FZS_LAN*,FZS_LAN*_1,10393
2020-06-01,FZS_LIMM,FZS_LIMM_1,3011
2020-06-01,FZS_MILI,FZS_MILI_1,1805
2020-06-01,FZS_MYTH,FZS_MYTH_1,1526
2020-06-01,FZS_OHM*,FZS_OHM*_1,1856
2020-06-01,FZS_ZEHN,FZS_ZEHN_1,560
2020-06-02,FZS_ALT*,FZS_ALT*_2,3421
2020-06-02,FZS_ARBO,FZS_ARBO_2,5134
2020-06-02,FZS_CASS,FZS_CASS_2,1591
2020-06-02,FZS_KATZ,FZS_KATZ_2,1631
2020-06-02,FZS_LAN*,FZS_LAN*_2,14599
2020-06-02,FZS_LIMM,FZS_LIMM_2,3927
2020-06-02,FZS_MILI,FZS_MILI_2,3087
2020-06-02,FZS_MYTH,FZS_MYTH_2,1050
2020-06-02,FZS_OHM*,FZS_OHM*_2,4622
2020-06-02,FZS_ZEHN,FZS_ZEHN_2,1224
2020-06-03,FZS_ALT*,FZS_ALT*_3,2944
2020-06-03,FZS_ARBO,FZS_ARBO_3,4176
2020-06-03,FZS_CASS,FZS_CASS_3,1375
2020-06-03,FZS_KATZ,FZS_KATZ_3,2085
2020-06-03,FZS_LAN*,FZS_LAN*_3,15660
2020-06-03,FZS_LIMM,FZS_LIMM_3,4257
2020-06-03,FZS_MILI,FZS_MILI_3,2949
2020-06-03,FZS_MYTH,FZS_MYTH_3,1059
2020-06-03,FZS_OHM*,FZS_OHM*_3,4893
2020-06-03,FZS_ZEHN,FZS_ZEHN_3,1200
2020-06-04,FZS_ALT*,FZS_ALT*_4,2400
2020-06-04,FZS_ARBO,FZS_ARBO_4,1489
2020-06-04,FZS_CASS,FZS_CASS_4,324
2020-06-04,FZS_KATZ,FZS_KATZ_4,346
2020-06-04,FZS_LAN*,FZS_LAN*_4,7248
2020-06-04,FZS_LIMM,FZS_LIMM_4,3334
2020-06-04,FZS_MILI,FZS_MILI_4,1595
2020-06-04,FZS_MYTH,FZS_MYTH_4,253
2020-06-04,FZS_OHM*,FZS_OHM*_4,3782
2020-06-04,FZS_ZEHN,FZS_ZEHN_4,783
2020-06-05,FZS_ALT*,FZS_ALT*_5,2612
2020-06-05,FZS_ARBO,FZS_ARBO_5,1901
2020-06-05,FZS_CASS,FZS_CASS_5,766
2020-06-05,FZS_KATZ,FZS_KATZ_5,606
2020-06-05,FZS_LAN*,FZS_LAN*_5,13876
2020-06-05,FZS_LIMM,FZS_LIMM_5,3791
2020-06-05,FZS_MILI,FZS_MILI_5,2401
2020-06-05,FZS_MYTH,FZS_MYTH_5,401
2020-06-05,FZS_OHM*,FZS_OHM*_5,5642
2020-06-05,FZS_ZEHN,FZS_ZEHN_5,977
2020-06-06,FZS_ALT*,FZS_ALT*_6,2290
2020-06-06,FZS_ARBO,FZS_ARBO_6,2944
2020-06-06,FZS_CASS,FZS_CASS_6,1014
2020-06-06,FZS_KATZ,FZS_KATZ_6,914
2020-06-06,FZS_LAN*,FZS_LAN*_6,16659
2020-06-06,FZS_LIMM,FZS_LIMM_6,5505
2020-06-06,FZS_MILI,FZS_MILI_6,2991
2020-06-06,FZS_MYTH,FZS_MYTH_6,604
2020-06-06,FZS_OHM*,FZS_OHM*_6,4731
2020-06-06,FZS_ZEHN,FZS_ZEHN_6,1165
2020-06-07,FZS_ALT*,FZS_ALT*_7,1588
2020-06-07,FZS_ARBO,FZS_ARBO_7,2627
2020-06-07,FZS_CASS,FZS_CASS_7,1072
2020-06-07,FZS_KATZ,FZS_KATZ_7,795
2020-06-07,FZS_LAN*,FZS_LAN*_7,7441
2020-06-07,FZS_LIMM,FZS_LIMM_7,2259
2020-06-07,FZS_MILI,FZS_MILI_7,929
2020-06-07,FZS_MYTH,FZS_MYTH_7,539
2020-06-07,FZS_OHM*,FZS_OHM*_7,1539
2020-06-07,FZS_ZEHN,FZS_ZEHN_7,325
2020-06-08,FZS_ALT*,FZS_ALT*_1,2918
2020-06-08,FZS_ARBO,FZS_ARBO_1,2365
2020-06-08,FZS_CASS,FZS_CASS_1,925
2020-06-08,FZS_KATZ,FZS_KATZ_1,958
2020-06-08,FZS_LAN*,FZS_LAN*_1,12603
2020-06-08,FZS_LIMM,FZS_LIMM_1,3370
2020-06-08,FZS_MILI,FZS_MILI_1,2584
2020-06-08,FZS_MYTH,FZS_MYTH_1,527
2020-06-08,FZS_OHM*,FZS_OHM*_1,5398
2020-06-08,FZS_ZEHN,FZS_ZEHN_1,1093
2020-06-09,FZS_ALT*,FZS_ALT*_2,2783
2020-06-09,FZS_ARBO,FZS_ARBO_2,2450
2020-06-09,FZS_CASS,FZS_CASS_2,589
2020-06-09,FZS_KATZ,FZS_KATZ_2,886
2020-06-09,FZS_LAN*,FZS_LAN*_2,11878
2020-06-09,FZS_LIMM,FZS_LIMM_2,3702
2020-06-09,FZS_MILI,FZS_MILI_2,2598
2020-06-09,FZS_MYTH,FZS_MYTH_2,461
2020-06-09,FZS_OHM*,FZS_OHM*_2,5854
2020-06-09,FZS_ZEHN,FZS_ZEHN_2,986
2020-06-10,FZS_ALT*,FZS_ALT*_3,2631
2020-06-10,FZS_ARBO,FZS_ARBO_3,2230
2020-06-10,FZS_CASS,FZS_CASS_3,554
2020-06-10,FZS_KATZ,FZS_KATZ_3,642
2020-06-10,FZS_LAN*,FZS_LAN*_3,11562
2020-06-10,FZS_LIMM,FZS_LIMM_3,3200
2020-06-10,FZS_MILI,FZS_MILI_3,2337
2020-06-10,FZS_MYTH,FZS_MYTH_3,379
2020-06-10,FZS_OHM*,FZS_OHM*_3,4724
2020-06-10,FZS_ZEHN,FZS_ZEHN_3,902
2020-06-11,FZS_ALT*,FZS_ALT*_4,2859
2020-06-11,FZS_ARBO,FZS_ARBO_4,3998
2020-06-11,FZS_CASS,FZS_CASS_4,1227
2020-06-11,FZS_KATZ,FZS_KATZ_4,1340
2020-06-11,FZS_LAN*,FZS_LAN*_4,17509
2020-06-11,FZS_LIMM,FZS_LIMM_4,5246
2020-06-11,FZS_MILI,FZS_MILI_4,3420
2020-06-11,FZS_MYTH,FZS_MYTH_4,583
2020-06-11,FZS_OHM*,FZS_OHM*_4,6206
2020-06-11,FZS_ZEHN,FZS_ZEHN_4,1279
2020-06-12,FZS_ALT*,FZS_ALT*_5,3479
2020-06-12,FZS_ARBO,FZS_ARBO_5,6843
2020-06-12,FZS_CASS,FZS_CASS_5,1811
2020-06-12,FZS_KATZ,FZS_KATZ_5,1550
2020-06-12,FZS_LAN*,FZS_LAN*_5,20640
2020-06-12,FZS_LIMM,FZS_LIMM_5,5827
2020-06-12,FZS_MILI,FZS_MILI_5,4381
2020-06-12,FZS_MYTH,FZS_MYTH_5,2010
2020-06-12,FZS_OHM*,FZS_OHM*_5,6390
2020-06-12,FZS_ZEHN,FZS_ZEHN_5,1342
2020-06-13,FZS_ALT*,FZS_ALT*_6,2090
2020-06-13,FZS_ARBO,FZS_ARBO_6,5451
2020-06-13,FZS_CASS,FZS_CASS_6,1276
2020-06-13,FZS_KATZ,FZS_KATZ_6,1317
2020-06-13,FZS_LAN*,FZS_LAN*_6,15988
2020-06-13,FZS_LIMM,FZS_LIMM_6,7430
2020-06-13,FZS_MILI,FZS_MILI_6,2896
2020-06-13,FZS_MYTH,FZS_MYTH_6,1302
2020-06-13,FZS_OHM*,FZS_OHM*_6,4936
2020-06-13,FZS_ZEHN,FZS_ZEHN_6,1233
2020-06-14,FZS_ALT*,FZS_ALT*_7,1543
2020-06-14,FZS_ARBO,FZS_ARBO_7,2824
2020-06-14,FZS_CASS,FZS_CASS_7,1170
2020-06-14,FZS_KATZ,FZS_KATZ_7,929
2020-06-14,FZS_LAN*,FZS_LAN*_7,12340
2020-06-14,FZS_LIMM,FZS_LIMM_7,2309
2020-06-14,FZS_MILI,FZS_MILI_7,1012
2020-06-14,FZS_MYTH,FZS_MYTH_7,562
2020-06-14,FZS_OHM*,FZS_OHM*_7,1757
2020-06-14,FZS_ZEHN,FZS_ZEHN_7,376
2020-06-15,FZS_ALT*,FZS_ALT*_1,2663
2020-06-15,FZS_ARBO,FZS_ARBO_1,2793
2020-06-15,FZS_CASS,FZS_CASS_1,783
2020-06-15,FZS_KATZ,FZS_KATZ_1,991
2020-06-15,FZS_LAN*,FZS_LAN*_1,12193
2020-06-15,FZS_LIMM,FZS_LIMM_1,3669
2020-06-15,FZS_MILI,FZS_MILI_1,2644
2020-06-15,FZS_MYTH,FZS_MYTH_1,510
2020-06-15,FZS_OHM*,FZS_OHM*_1,4792
2020-06-15,FZS_ZEHN,FZS_ZEHN_1,987
2020-06-16,FZS_ALT*,FZS_ALT*_2,2918
2020-06-16,FZS_ARBO,FZS_ARBO_2,3601
2020-06-16,FZS_CASS,FZS_CASS_2,1037
2020-06-16,FZS_KATZ,FZS_KATZ_2,1114
2020-06-16,FZS_LAN*,FZS_LAN*_2,13557
2020-06-16,FZS_LIMM,FZS_LIMM_2,4093
2020-06-16,FZS_MILI,FZS_MILI_2,3327
2020-06-16,FZS_MYTH,FZS_MYTH_2,638
2020-06-16,FZS_OHM*,FZS_OHM*_2,4831
2020-06-16,FZS_ZEHN,FZS_ZEHN_2,1172
2020-06-17,FZS_ALT*,FZS_ALT*_3,2424
2020-06-17,FZS_ARBO,FZS_ARBO_3,1587
2020-06-17,FZS_CASS,FZS_CASS_3,488
2020-06-17,FZS_KATZ,FZS_KATZ_3,491
2020-06-17,FZS_LAN*,FZS_LAN*_3,10199
2020-06-17,FZS_LIMM,FZS_LIMM_3,3683
2020-06-17,FZS_MILI,FZS_MILI_3,2206
2020-06-17,FZS_MYTH,FZS_MYTH_3,394
2020-06-17,FZS_OHM*,FZS_OHM*_3,4028
2020-06-17,FZS_ZEHN,FZS_ZEHN_3,912
2020-06-18,FZS_ALT*,FZS_ALT*_4,2742
2020-06-18,FZS_ARBO,FZS_ARBO_4,2746
2020-06-18,FZS_CASS,FZS_CASS_4,973
2020-06-18,FZS_KATZ,FZS_KATZ_4,916
2020-06-18,FZS_LAN*,FZS_LAN*_4,14235
2020-06-18,FZS_LIMM,FZS_LIMM_4,4170
2020-06-18,FZS_MILI,FZS_MILI_4,3200
2020-06-18,FZS_MYTH,FZS_MYTH_4,654
2020-06-18,FZS_OHM*,FZS_OHM*_4,5204
2020-06-18,FZS_ZEHN,FZS_ZEHN_4,1186
2020-06-19,FZS_ALT*,FZS_ALT*_5,2630
2020-06-19,FZS_ARBO,FZS_ARBO_5,2928
2020-06-19,FZS_CASS,FZS_CASS_5,817
2020-06-19,FZS_KATZ,FZS_KATZ_5,574
2020-06-19,FZS_LAN*,FZS_LAN*_5,13752
2020-06-19,FZS_LIMM,FZS_LIMM_5,4721
2020-06-19,FZS_MILI,FZS_MILI_5,2977
2020-06-19,FZS_MYTH,FZS_MYTH_5,388
2020-06-19,FZS_OHM*,FZS_OHM*_5,5197
2020-06-19,FZS_ZEHN,FZS_ZEHN_5,1045
2020-06-20,FZS_ALT*,FZS_ALT*_6,2709
2020-06-20,FZS_ARBO,FZS_ARBO_6,5857
2020-06-20,FZS_CASS,FZS_CASS_6,1757
2020-06-20,FZS_KATZ,FZS_KATZ_6,1196
2020-06-20,FZS_LAN*,FZS_LAN*_6,18250
2020-06-20,FZS_LIMM,FZS_LIMM_6,6753
2020-06-20,FZS_MILI,FZS_MILI_6,3542
2020-06-20,FZS_MYTH,FZS_MYTH_6,1115
2020-06-20,FZS_OHM*,FZS_OHM*_6,5429
2020-06-20,FZS_ZEHN,FZS_ZEHN_6,1239
2020-06-21,FZS_ALT*,FZS_ALT*_7,2031
2020-06-21,FZS_ARBO,FZS_ARBO_7,7003
2020-06-21,FZS_CASS,FZS_CASS_7,2431
2020-06-21,FZS_KATZ,FZS_KATZ_7,2118
2020-06-21,FZS_LAN*,FZS_LAN*_7,11433
2020-06-21,FZS_LIMM,FZS_LIMM_7,2791
2020-06-21,FZS_MILI,FZS_MILI_7,1648
2020-06-21,FZS_MYTH,FZS_MYTH_7,2065
2020-06-21,FZS_OHM*,FZS_OHM*_7,1916
2020-06-21,FZS_ZEHN,FZS_ZEHN_7,548
2020-06-22,FZS_ALT*,FZS_ALT*_1,2813
2020-06-22,FZS_ARBO,FZS_ARBO_1,3670
2020-06-22,FZS_CASS,FZS_CASS_1,1187
2020-06-22,FZS_KATZ,FZS_KATZ_1,1263
2020-06-22,FZS_LAN*,FZS_LAN*_1,12584
2020-06-22,FZS_LIMM,FZS_LIMM_1,3616
2020-06-22,FZS_MILI,FZS_MILI_1,2849
2020-06-22,FZS_MYTH,FZS_MYTH_1,948
2020-06-22,FZS_OHM*,FZS_OHM*_1,4601
2020-06-22,FZS_ZEHN,FZS_ZEHN_1,1136
2020-06-23,FZS_ALT*,FZS_ALT*_2,3445
2020-06-23,FZS_ARBO,FZS_ARBO_2,6335
2020-06-23,FZS_CASS,FZS_CASS_2,1509
2020-06-23,FZS_KATZ,FZS_KATZ_2,1504
2020-06-23,FZS_LAN*,FZS_LAN*_2,15185
2020-06-23,FZS_LIMM,FZS_LIMM_2,4499
2020-06-23,FZS_MILI,FZS_MILI_2,4141
2020-06-23,FZS_MYTH,FZS_MYTH_2,2170
2020-06-23,FZS_OHM*,FZS_OHM*_2,4883
2020-06-23,FZS_ZEHN,FZS_ZEHN_2,1295
2020-06-24,FZS_ALT*,FZS_ALT*_3,3438
2020-06-24,FZS_ARBO,FZS_ARBO_3,6077
2020-06-24,FZS_CASS,FZS_CASS_3,1375
2020-06-24,FZS_KATZ,FZS_KATZ_3,1664
2020-06-24,FZS_LAN*,FZS_LAN*_3,15259
2020-06-24,FZS_LIMM,FZS_LIMM_3,4509
2020-06-24,FZS_MILI,FZS_MILI_3,4168
2020-06-24,FZS_MYTH,FZS_MYTH_3,3263
2020-06-24,FZS_OHM*,FZS_OHM*_3,4784
2020-06-24,FZS_ZEHN,FZS_ZEHN_3,1253
2020-06-25,FZS_ALT*,FZS_ALT*_4,3554
2020-06-25,FZS_ARBO,FZS_ARBO_4,6338
2020-06-25,FZS_CASS,FZS_CASS_4,1436
2020-06-25,FZS_KATZ,FZS_KATZ_4,1418
2020-06-25,FZS_LAN*,FZS_LAN*_4,15782
2020-06-25,FZS_LIMM,FZS_LIMM_4,4747
2020-06-25,FZS_MILI,FZS_MILI_4,4289
2020-06-25,FZS_MYTH,FZS_MYTH_4,2824
2020-06-25,FZS_OHM*,FZS_OHM*_4,4649
2020-06-25,FZS_ZEHN,FZS_ZEHN_4,1307
2020-06-26,FZS_ALT*,FZS_ALT*_5,2715
2020-06-26,FZS_ARBO,FZS_ARBO_5,4679
2020-06-26,FZS_CASS,FZS_CASS_5,1009
2020-06-26,FZS_KATZ,FZS_KATZ_5,859
2020-06-26,FZS_LAN*,FZS_LAN*_5,15583
2020-06-26,FZS_LIMM,FZS_LIMM_5,5312
2020-06-26,FZS_MILI,FZS_MILI_5,3331
2020-06-26,FZS_MYTH,FZS_MYTH_5,1698
2020-06-26,FZS_OHM*,FZS_OHM*_5,4342
2020-06-26,FZS_ZEHN,FZS_ZEHN_5,1086
2020-06-27,FZS_ALT*,FZS_ALT*_6,2036
2020-06-27,FZS_ARBO,FZS_ARBO_6,6882
2020-06-27,FZS_CASS,FZS_CASS_6,1536
2020-06-27,FZS_KATZ,FZS_KATZ_6,1310
2020-06-27,FZS_LAN*,FZS_LAN*_6,17904
2020-06-27,FZS_LIMM,FZS_LIMM_6,6733
2020-06-27,FZS_MILI,FZS_MILI_6,3257
2020-06-27,FZS_MYTH,FZS_MYTH_6,2470
2020-06-27,FZS_OHM*,FZS_OHM*_6,3989
2020-06-27,FZS_ZEHN,FZS_ZEHN_6,1199
2020-06-28,FZS_ALT*,FZS_ALT*_7,1418
2020-06-28,FZS_ARBO,FZS_ARBO_7,5417
2020-06-28,FZS_CASS,FZS_CASS_7,1525
2020-06-28,FZS_KATZ,FZS_KATZ_7,1527
2020-06-28,FZS_LAN*,FZS_LAN*_7,11446
2020-06-28,FZS_LIMM,FZS_LIMM_7,2662
2020-06-28,FZS_MILI,FZS_MILI_7,1426
2020-06-28,FZS_MYTH,FZS_MYTH_7,1664
2020-06-28,FZS_OHM*,FZS_OHM*_7,1545
2020-06-28,FZS_ZEHN,FZS_ZEHN_7,468
2020-06-29,FZS_ALT*,FZS_ALT*_1,2794
2020-06-29,FZS_ARBO,FZS_ARBO_1,3212
2020-06-29,FZS_CASS,FZS_CASS_1,916
2020-06-29,FZS_KATZ,FZS_KATZ_1,806
2020-06-29,FZS_LAN*,FZS_LAN*_1,12446
2020-06-29,FZS_LIMM,FZS_LIMM_1,3955
2020-06-29,FZS_MILI,FZS_MILI_1,2656
2020-06-29,FZS_MYTH,FZS_MYTH_1,500
2020-06-29,FZS_OHM*,FZS_OHM*_1,4773
2020-06-29,FZS_ZEHN,FZS_ZEHN_1,1101
2020-06-30,FZS_ALT*,FZS_ALT*_2,3568
2020-06-30,FZS_ARBO,FZS_ARBO_2,5834
2020-06-30,FZS_CASS,FZS_CASS_2,1391
2020-06-30,FZS_KATZ,FZS_KATZ_2,1597
2020-06-30,FZS_LAN*,FZS_LAN*_2,17157
2020-06-30,FZS_LIMM,FZS_LIMM_2,4596
2020-06-30,FZS_MILI,FZS_MILI_2,3789
2020-06-30,FZS_MYTH,FZS_MYTH_2,2377
2020-06-30,FZS_OHM*,FZS_OHM*_2,5498
2020-06-30,FZS_ZEHN,FZS_ZEHN_2,1304
2020-07-01,FZS_ALT*,FZS_ALT*_3,3104
2020-07-01,FZS_ARBO,FZS_ARBO_3,5288
2020-07-01,FZS_CASS,FZS_CASS_3,1248
2020-07-01,FZS_KATZ,FZS_KATZ_3,1433
2020-07-01,FZS_LAN*,FZS_LAN*_3,15357
2020-07-01,FZS_LIMM,FZS_LIMM_3,4473
2020-07-01,FZS_MILI,FZS_MILI_3,3274
2020-07-01,FZS_MYTH,FZS_MYTH_3,3206
2020-07-01,FZS_OHM*,FZS_OHM*_3,3961
2020-07-01,FZS_ZEHN,FZS_ZEHN_3,1243
2020-07-02,FZS_ALT*,FZS_ALT*_4,2844
2020-07-02,FZS_ARBO,FZS_ARBO_4,3075
2020-07-02,FZS_CASS,FZS_CASS_4,950
2020-07-02,FZS_KATZ,FZS_KATZ_4,958
2020-07-02,FZS_LAN*,FZS_LAN*_4,13092
2020-07-02,FZS_LIMM,FZS_LIMM_4,4219
2020-07-02,FZS_MILI,FZS_MILI_4,3218
2020-07-02,FZS_MYTH,FZS_MYTH_4,692
2020-07-02,FZS_OHM*,FZS_OHM*_4,4236
2020-07-02,FZS_ZEHN,FZS_ZEHN_4,1130
2020-07-03,FZS_ALT*,FZS_ALT*_5,3279
2020-07-03,FZS_ARBO,FZS_ARBO_5,3367
2020-07-03,FZS_CASS,FZS_CASS_5,998
2020-07-03,FZS_KATZ,FZS_KATZ_5,900
2020-07-03,FZS_LAN*,FZS_LAN*_5,13918
2020-07-03,FZS_LIMM,FZS_LIMM_5,4653
2020-07-03,FZS_MILI,FZS_MILI_5,3305
2020-07-03,FZS_MYTH,FZS_MYTH_5,650
2020-07-03,FZS_OHM*,FZS_OHM*_5,5114
2020-07-03,FZS_ZEHN,FZS_ZEHN_5,1156
2020-07-04,FZS_ALT*,FZS_ALT*_6,2169
2020-07-04,FZS_ARBO,FZS_ARBO_6,6497
2020-07-04,FZS_CASS,FZS_CASS_6,1859
2020-07-04,FZS_KATZ,FZS_KATZ_6,1501
2020-07-04,FZS_LAN*,FZS_LAN*_6,16626
2020-07-04,FZS_LIMM,FZS_LIMM_6,6309
2020-07-04,FZS_MILI,FZS_MILI_6,3086
2020-07-04,FZS_MYTH,FZS_MYTH_6,2676
2020-07-04,FZS_OHM*,FZS_OHM*_6,4241
2020-07-04,FZS_ZEHN,FZS_ZEHN_6,1221
2020-07-05,FZS_ALT*,FZS_ALT*_7,2250
2020-07-05,FZS_ARBO,FZS_ARBO_7,6931
2020-07-05,FZS_CASS,FZS_CASS_7,2246
2020-07-05,FZS_KATZ,FZS_KATZ_7,2056
2020-07-05,FZS_LAN*,FZS_LAN*_7,10147
2020-07-05,FZS_LIMM,FZS_LIMM_7,2953
2020-07-05,FZS_MILI,FZS_MILI_7,1640
2020-07-05,FZS_MYTH,FZS_MYTH_7,5516
2020-07-05,FZS_OHM*,FZS_OHM*_7,1536
2020-07-05,FZS_ZEHN,FZS_ZEHN_7,617
2020-07-06,FZS_ALT*,FZS_ALT*_1,3185
2020-07-06,FZS_ARBO,FZS_ARBO_1,3809
2020-07-06,FZS_CASS,FZS_CASS_1,972
2020-07-06,FZS_KATZ,FZS_KATZ_1,1010
2020-07-06,FZS_LAN*,FZS_LAN*_1,13152
2020-07-06,FZS_LIMM,FZS_LIMM_1,3847
2020-07-06,FZS_MILI,FZS_MILI_1,3434
2020-07-06,FZS_MYTH,FZS_MYTH_1,760
2020-07-06,FZS_OHM*,FZS_OHM*_1,4695
2020-07-06,FZS_ZEHN,FZS_ZEHN_1,1061
2020-07-07,FZS_ALT*,FZS_ALT*_2,4008
2020-07-07,FZS_ARBO,FZS_ARBO_2,5471
2020-07-07,FZS_CASS,FZS_CASS_2,1551
2020-07-07,FZS_KATZ,FZS_KATZ_2,1595
2020-07-07,FZS_LAN*,FZS_LAN*_2,16147
2020-07-07,FZS_LIMM,FZS_LIMM_2,4946
2020-07-07,FZS_MILI,FZS_MILI_2,4504
2020-07-07,FZS_MYTH,FZS_MYTH_2,1907
2020-07-07,FZS_OHM*,FZS_OHM*_2,6310
2020-07-07,FZS_ZEHN,FZS_ZEHN_2,1311
2020-07-08,FZS_ALT*,FZS_ALT*_3,3585
2020-07-08,FZS_ARBO,FZS_ARBO_3,5819
2020-07-08,FZS_CASS,FZS_CASS_3,1474
2020-07-08,FZS_KATZ,FZS_KATZ_3,1622
2020-07-08,FZS_LAN*,FZS_LAN*_3,16073
2020-07-08,FZS_LIMM,FZS_LIMM_3,5253
2020-07-08,FZS_MILI,FZS_MILI_3,3664
2020-07-08,FZS_MYTH,FZS_MYTH_3,3378
2020-07-08,FZS_OHM*,FZS_OHM*_3,5199
2020-07-08,FZS_ZEHN,FZS_ZEHN_3,1280
2020-07-09,FZS_ALT*,FZS_ALT*_4,3344
2020-07-09,FZS_ARBO,FZS_ARBO_4,5390
2020-07-09,FZS_CASS,FZS_CASS_4,1371
2020-07-09,FZS_KATZ,FZS_KATZ_4,1430
2020-07-09,FZS_LAN*,FZS_LAN*_4,15093
2020-07-09,FZS_LIMM,FZS_LIMM_4,4895
2020-07-09,FZS_MILI,FZS_MILI_4,4007
2020-07-09,FZS_MYTH,FZS_MYTH_4,2910
2020-07-09,FZS_OHM*,FZS_OHM*_4,3996
2020-07-09,FZS_ZEHN,FZS_ZEHN_4,1297
2020-07-10,FZS_ALT*,FZS_ALT*_5,2955
2020-07-10,FZS_ARBO,FZS_ARBO_5,4818
2020-07-10,FZS_CASS,FZS_CASS_5,1256
2020-07-10,FZS_KATZ,FZS_KATZ_5,1397
2020-07-10,FZS_LAN*,FZS_LAN*_5,15537
2020-07-10,FZS_LIMM,FZS_LIMM_5,5380
2020-07-10,FZS_MILI,FZS_MILI_5,3777
2020-07-10,FZS_MYTH,FZS_MYTH_5,2544
2020-07-10,FZS_OHM*,FZS_OHM*_5,3365
2020-07-10,FZS_ZEHN,FZS_ZEHN_5,1187
2020-07-11,FZS_ALT*,FZS_ALT*_6,2037
2020-07-11,FZS_ARBO,FZS_ARBO_6,4398
2020-07-11,FZS_CASS,FZS_CASS_6,1108
2020-07-11,FZS_KATZ,FZS_KATZ_6,789
2020-07-11,FZS_LAN*,FZS_LAN*_6,14874
2020-07-11,FZS_LIMM,FZS_LIMM_6,5859
2020-07-11,FZS_MILI,FZS_MILI_6,2925
2020-07-11,FZS_MYTH,FZS_MYTH_6,548
2020-07-11,FZS_OHM*,FZS_OHM*_6,4504
2020-07-11,FZS_ZEHN,FZS_ZEHN_6,1017
2020-07-12,FZS_ALT*,FZS_ALT*_7,2241
2020-07-12,FZS_ARBO,FZS_ARBO_7,7827
2020-07-12,FZS_CASS,FZS_CASS_7,2457
2020-07-12,FZS_KATZ,FZS_KATZ_7,2235
2020-07-12,FZS_LAN*,FZS_LAN*_7,11147
2020-07-12,FZS_LIMM,FZS_LIMM_7,3683
2020-07-12,FZS_MILI,FZS_MILI_7,2374
2020-07-12,FZS_MYTH,FZS_MYTH_7,3735
2020-07-12,FZS_OHM*,FZS_OHM*_7,2123
2020-07-12,FZS_ZEHN,FZS_ZEHN_7,497
2020-07-13,FZS_ALT*,FZS_ALT*_1,3048
2020-07-13,FZS_ARBO,FZS_ARBO_1,5086
2020-07-13,FZS_CASS,FZS_CASS_1,1398
2020-07-13,FZS_KATZ,FZS_KATZ_1,1518
2020-07-13,FZS_LAN*,FZS_LAN*_1,12852
2020-07-13,FZS_LIMM,FZS_LIMM_1,4774
2020-07-13,FZS_MILI,FZS_MILI_1,3395
2020-07-13,FZS_MYTH,FZS_MYTH_1,2380
2020-07-13,FZS_OHM*,FZS_OHM*_1,5286
2020-07-13,FZS_ZEHN,FZS_ZEHN_1,1071
2020-07-14,FZS_ALT*,FZS_ALT*_2,3053
2020-07-14,FZS_ARBO,FZS_ARBO_2,5208
2020-07-14,FZS_CASS,FZS_CASS_2,1649
2020-07-14,FZS_KATZ,FZS_KATZ_2,1596
2020-07-14,FZS_LAN*,FZS_LAN*_2,13704
2020-07-14,FZS_LIMM,FZS_LIMM_2,4767
2020-07-14,FZS_MILI,FZS_MILI_2,3629
2020-07-14,FZS_MYTH,FZS_MYTH_2,2886
2020-07-14,FZS_OHM*,FZS_OHM*_2,4282
2020-07-14,FZS_ZEHN,FZS_ZEHN_2,1049
2020-07-15,FZS_ALT*,FZS_ALT*_3,2837
2020-07-15,FZS_ARBO,FZS_ARBO_3,2901
2020-07-15,FZS_CASS,FZS_CASS_3,779
2020-07-15,FZS_KATZ,FZS_KATZ_3,577
2020-07-15,FZS_LAN*,FZS_LAN*_3,10313
2020-07-15,FZS_LIMM,FZS_LIMM_3,4378
2020-07-15,FZS_MILI,FZS_MILI_3,2943
2020-07-15,FZS_MYTH,FZS_MYTH_3,556
2020-07-15,FZS_OHM*,FZS_OHM*_3,4595
2020-07-15,FZS_ZEHN,FZS_ZEHN_3,892
2020-07-16,FZS_ALT*,FZS_ALT*_4,2936
2020-07-16,FZS_ARBO,FZS_ARBO_4,2099
2020-07-16,FZS_CASS,FZS_CASS_4,749
2020-07-16,FZS_KATZ,FZS_KATZ_4,478
2020-07-16,FZS_LAN*,FZS_LAN*_4,11694
2020-07-16,FZS_LIMM,FZS_LIMM_4,4542
2020-07-16,FZS_MILI,FZS_MILI_4,2746
2020-07-16,FZS_MYTH,FZS_MYTH_4,518
2020-07-16,FZS_OHM*,FZS_OHM*_4,4934
2020-07-16,FZS_ZEHN,FZS_ZEHN_4,878
2020-07-17,FZS_ALT*,FZS_ALT*_5,2794
2020-07-17,FZS_ARBO,FZS_ARBO_5,3004
2020-07-17,FZS_CASS,FZS_CASS_5,915
2020-07-17,FZS_KATZ,FZS_KATZ_5,667
2020-07-17,FZS_LAN*,FZS_LAN*_5,15474
2020-07-17,FZS_LIMM,FZS_LIMM_5,3435
2020-07-17,FZS_MILI,FZS_MILI_5,2972
2020-07-17,FZS_MYTH,FZS_MYTH_5,563
2020-07-17,FZS_OHM*,FZS_OHM*_5,4867
2020-07-17,FZS_ZEHN,FZS_ZEHN_5,959
2020-07-18,FZS_ALT*,FZS_ALT*_6,2333
2020-07-18,FZS_ARBO,FZS_ARBO_6,7378
2020-07-18,FZS_CASS,FZS_CASS_6,1872
2020-07-18,FZS_KATZ,FZS_KATZ_6,1322
2020-07-18,FZS_LAN*,FZS_LAN*_6,15742
2020-07-18,FZS_LIMM,FZS_LIMM_6,6873
2020-07-18,FZS_MILI,FZS_MILI_6,3375
2020-07-18,FZS_MYTH,FZS_MYTH_6,2298
2020-07-18,FZS_OHM*,FZS_OHM*_6,5017
2020-07-18,FZS_ZEHN,FZS_ZEHN_6,1013
2020-07-19,FZS_ALT*,FZS_ALT*_7,1931
2020-07-19,FZS_ARBO,FZS_ARBO_7,7011
2020-07-19,FZS_CASS,FZS_CASS_7,2187
2020-07-19,FZS_KATZ,FZS_KATZ_7,1905
2020-07-19,FZS_LAN*,FZS_LAN*_7,10018
2020-07-19,FZS_LIMM,FZS_LIMM_7,2953
2020-07-19,FZS_MILI,FZS_MILI_7,1965
2020-07-19,FZS_MYTH,FZS_MYTH_7,4951
2020-07-19,FZS_OHM*,FZS_OHM*_7,1795
2020-07-19,FZS_ZEHN,FZS_ZEHN_7,488
2020-07-20,FZS_ALT*,FZS_ALT*_1,2683
2020-07-20,FZS_ARBO,FZS_ARBO_1,6116
2020-07-20,FZS_CASS,FZS_CASS_1,1345
2020-07-20,FZS_KATZ,FZS_KATZ_1,1404
2020-07-20,FZS_LAN*,FZS_LAN*_1,12101
2020-07-20,FZS_LIMM,FZS_LIMM_1,4303
2020-07-20,FZS_MILI,FZS_MILI_1,2863
2020-07-20,FZS_MYTH,FZS_MYTH_1,3683
2020-07-20,FZS_OHM*,FZS_OHM*_1,3652
2020-07-20,FZS_ZEHN,FZS_ZEHN_1,891
2020-07-21,FZS_ALT*,FZS_ALT*_2,2616
2020-07-21,FZS_ARBO,FZS_ARBO_2,5282
2020-07-21,FZS_CASS,FZS_CASS_2,1111
2020-07-21,FZS_KATZ,FZS_KATZ_2,1073
2020-07-21,FZS_LAN*,FZS_LAN*_2,10876
2020-07-21,FZS_LIMM,FZS_LIMM_2,3142
2020-07-21,FZS_MILI,FZS_MILI_2,2968
2020-07-21,FZS_MYTH,FZS_MYTH_2,1617
2020-07-21,FZS_OHM*,FZS_OHM*_2,3329
2020-07-21,FZS_ZEHN,FZS_ZEHN_2,866
2020-07-22,FZS_ALT*,FZS_ALT*_3,2647
2020-07-22,FZS_ARBO,FZS_ARBO_3,4964
2020-07-22,FZS_CASS,FZS_CASS_3,1169
2020-07-22,FZS_KATZ,FZS_KATZ_3,1108
2020-07-22,FZS_LAN*,FZS_LAN*_3,11741
2020-07-22,FZS_LIMM,FZS_LIMM_3,4434
2020-07-22,FZS_MILI,FZS_MILI_3,3244
2020-07-22,FZS_MYTH,FZS_MYTH_3,1708
2020-07-22,FZS_OHM*,FZS_OHM*_3,3223
2020-07-22,FZS_ZEHN,FZS_ZEHN_3,955
2020-07-23,FZS_ALT*,FZS_ALT*_4,2691
2020-07-23,FZS_ARBO,FZS_ARBO_4,5438
2020-07-23,FZS_CASS,FZS_CASS_4,1319
2020-07-23,FZS_KATZ,FZS_KATZ_4,1197
2020-07-23,FZS_LAN*,FZS_LAN*_4,12844
2020-07-23,FZS_LIMM,FZS_LIMM_4,5077
2020-07-23,FZS_MILI,FZS_MILI_4,3239
2020-07-23,FZS_MYTH,FZS_MYTH_4,2662
2020-07-23,FZS_OHM*,FZS_OHM*_4,3347
2020-07-23,FZS_ZEHN,FZS_ZEHN_4,879
2020-07-24,FZS_ALT*,FZS_ALT*_5,2597
2020-07-24,FZS_ARBO,FZS_ARBO_5,2858
2020-07-24,FZS_CASS,FZS_CASS_5,870
2020-07-24,FZS_KATZ,FZS_KATZ_5,682
2020-07-24,FZS_LAN*,FZS_LAN*_5,12925
2020-07-24,FZS_LIMM,FZS_LIMM_5,4832
2020-07-24,FZS_MILI,FZS_MILI_5,3003
2020-07-24,FZS_MYTH,FZS_MYTH_5,597
2020-07-24,FZS_OHM*,FZS_OHM*_5,4511
2020-07-24,FZS_ZEHN,FZS_ZEHN_5,889
2020-07-25,FZS_ALT*,FZS_ALT*_6,2023
2020-07-25,FZS_ARBO,FZS_ARBO_6,6709
2020-07-25,FZS_CASS,FZS_CASS_6,1571
2020-07-25,FZS_KATZ,FZS_KATZ_6,1284
2020-07-25,FZS_LAN*,FZS_LAN*_6,14765
2020-07-25,FZS_LIMM,FZS_LIMM_6,5770
2020-07-25,FZS_MILI,FZS_MILI_6,2569
2020-07-25,FZS_MYTH,FZS_MYTH_6,3339
2020-07-25,FZS_OHM*,FZS_OHM*_6,3891
2020-07-25,FZS_ZEHN,FZS_ZEHN_6,1001
2020-07-26,FZS_ALT*,FZS_ALT*_7,1619
2020-07-26,FZS_ARBO,FZS_ARBO_7,5528
2020-07-26,FZS_CASS,FZS_CASS_7,1654
2020-07-26,FZS_KATZ,FZS_KATZ_7,1223
2020-07-26,FZS_LAN*,FZS_LAN*_7,9793
2020-07-26,FZS_LIMM,FZS_LIMM_7,2852
2020-07-26,FZS_MILI,FZS_MILI_7,1446
2020-07-26,FZS_MYTH,FZS_MYTH_7,1709
2020-07-26,FZS_OHM*,FZS_OHM*_7,1685
2020-07-26,FZS_ZEHN,FZS_ZEHN_7,447
2020-07-27,FZS_ALT*,FZS_ALT*_1,2836
2020-07-27,FZS_ARBO,FZS_ARBO_1,5996
2020-07-27,FZS_CASS,FZS_CASS_1,1251
2020-07-27,FZS_KATZ,FZS_KATZ_1,1216
2020-07-27,FZS_LAN*,FZS_LAN*_1,11703
2020-07-27,FZS_LIMM,FZS_LIMM_1,4249
2020-07-27,FZS_MILI,FZS_MILI_1,3060
2020-07-27,FZS_MYTH,FZS_MYTH_1,3875
2020-07-27,FZS_OHM*,FZS_OHM*_1,3680
2020-07-27,FZS_ZEHN,FZS_ZEHN_1,896
2020-07-28,FZS_ALT*,FZS_ALT*_2,2412
2020-07-28,FZS_ARBO,FZS_ARBO_2,4369
2020-07-28,FZS_CASS,FZS_CASS_2,962
2020-07-28,FZS_KATZ,FZS_KATZ_2,1092
2020-07-28,FZS_LAN*,FZS_LAN*_2,12370
2020-07-28,FZS_LIMM,FZS_LIMM_2,4190
2020-07-28,FZS_MILI,FZS_MILI_2,2951
2020-07-28,FZS_MYTH,FZS_MYTH_2,2463
2020-07-28,FZS_OHM*,FZS_OHM*_2,2663
2020-07-28,FZS_ZEHN,FZS_ZEHN_2,938
2020-07-29,FZS_ALT*,FZS_ALT*_3,2993
2020-07-29,FZS_ARBO,FZS_ARBO_3,5320
2020-07-29,FZS_CASS,FZS_CASS_3,1362
2020-07-29,FZS_KATZ,FZS_KATZ_3,1706
2020-07-29,FZS_LAN*,FZS_LAN*_3,12895
2020-07-29,FZS_LIMM,FZS_LIMM_3,4954
2020-07-29,FZS_MILI,FZS_MILI_3,3668
2020-07-29,FZS_MYTH,FZS_MYTH_3,2922
2020-07-29,FZS_OHM*,FZS_OHM*_3,3693
2020-07-29,FZS_ZEHN,FZS_ZEHN_3,931
2020-07-30,FZS_ALT*,FZS_ALT*_4,2831
2020-07-30,FZS_ARBO,FZS_ARBO_4,5257
2020-07-30,FZS_CASS,FZS_CASS_4,1162
2020-07-30,FZS_KATZ,FZS_KATZ_4,1124
2020-07-30,FZS_LAN*,FZS_LAN*_4,12685
2020-07-30,FZS_LIMM,FZS_LIMM_4,4375
2020-07-30,FZS_MILI,FZS_MILI_4,3511
2020-07-30,FZS_MYTH,FZS_MYTH_4,3748
2020-07-30,FZS_OHM*,FZS_OHM*_4,3278
2020-07-30,FZS_ZEHN,FZS_ZEHN_4,893
2020-07-31,FZS_ALT*,FZS_ALT*_5,2470
2020-07-31,FZS_ARBO,FZS_ARBO_5,4789
2020-07-31,FZS_CASS,FZS_CASS_5,1130
2020-07-31,FZS_KATZ,FZS_KATZ_5,905
2020-07-31,FZS_LAN*,FZS_LAN*_5,12813
2020-07-31,FZS_LIMM,FZS_LIMM_5,4439
2020-07-31,FZS_MILI,FZS_MILI_5,2657
2020-07-31,FZS_MYTH,FZS_MYTH_5,4245
2020-07-31,FZS_OHM*,FZS_OHM*_5,2480
2020-07-31,FZS_ZEHN,FZS_ZEHN_5,1020
2020-08-01,FZS_ALT*,FZS_ALT*_6,1552
2020-08-01,FZS_ARBO,FZS_ARBO_6,6606
2020-08-01,FZS_CASS,FZS_CASS_6,1539
2020-08-01,FZS_KATZ,FZS_KATZ_6,1097
2020-08-01,FZS_LAN*,FZS_LAN*_6,9002
2020-08-01,FZS_LIMM,FZS_LIMM_6,2581
2020-08-01,FZS_MILI,FZS_MILI_6,1274
2020-08-01,FZS_MYTH,FZS_MYTH_6,3142
2020-08-01,FZS_OHM*,FZS_OHM*_6,1032
2020-08-01,FZS_ZEHN,FZS_ZEHN_6,411
2020-08-02,FZS_ALT*,FZS_ALT*_7,1545
2020-08-02,FZS_ARBO,FZS_ARBO_7,3245
2020-08-02,FZS_CASS,FZS_CASS_7,1232
2020-08-02,FZS_KATZ,FZS_KATZ_7,828
2020-08-02,FZS_LAN*,FZS_LAN*_7,7768
2020-08-02,FZS_LIMM,FZS_LIMM_7,2722
2020-08-02,FZS_MILI,FZS_MILI_7,1070
2020-08-02,FZS_MYTH,FZS_MYTH_7,898
2020-08-02,FZS_OHM*,FZS_OHM*_7,1520
2020-08-02,FZS_ZEHN,FZS_ZEHN_7,285
2020-08-03,FZS_ALT*,FZS_ALT*_1,2492
2020-08-03,FZS_ARBO,FZS_ARBO_1,1488
2020-08-03,FZS_CASS,FZS_CASS_1,390
2020-08-03,FZS_KATZ,FZS_KATZ_1,394
2020-08-03,FZS_LAN*,FZS_LAN*_1,7832
2020-08-03,FZS_LIMM,FZS_LIMM_1,4364
2020-08-03,FZS_MILI,FZS_MILI_1,1943
2020-08-03,FZS_MYTH,FZS_MYTH_1,314
2020-08-03,FZS_OHM*,FZS_OHM*_1,4457
2020-08-03,FZS_ZEHN,FZS_ZEHN_1,844
2020-08-04,FZS_ALT*,FZS_ALT*_2,2738
2020-08-04,FZS_ARBO,FZS_ARBO_2,2483
2020-08-04,FZS_CASS,FZS_CASS_2,722
2020-08-04,FZS_KATZ,FZS_KATZ_2,460
2020-08-04,FZS_LAN*,FZS_LAN*_2,10818
2020-08-04,FZS_LIMM,FZS_LIMM_2,3990
2020-08-04,FZS_MILI,FZS_MILI_2,2220
2020-08-04,FZS_MYTH,FZS_MYTH_2,362
2020-08-04,FZS_OHM*,FZS_OHM*_2,4824
2020-08-04,FZS_ZEHN,FZS_ZEHN_2,807
2020-08-05,FZS_ALT*,FZS_ALT*_3,3250
2020-08-05,FZS_ARBO,FZS_ARBO_3,4857
2020-08-05,FZS_KATZ,FZS_KATZ_3,2839
2020-08-05,FZS_LAN*,FZS_LAN*_3,14794
2020-08-05,FZS_LIMM,FZS_LIMM_3,5876
2020-08-05,FZS_MILI,FZS_MILI_3,3654
2020-08-05,FZS_MYTH,FZS_MYTH_3,1175
2020-08-05,FZS_OHM*,FZS_OHM*_3,6541
2020-08-05,FZS_ZEHN,FZS_ZEHN_3,933
2020-08-06,FZS_ALT*,FZS_ALT*_4,3058
2020-08-06,FZS_ARBO,FZS_ARBO_4,5219
2020-08-06,FZS_KATZ,FZS_KATZ_4,1485
2020-08-06,FZS_LAN*,FZS_LAN*_4,14516
2020-08-06,FZS_LIMM,FZS_LIMM_4,5253
2020-08-06,FZS_MILI,FZS_MILI_4,3666
2020-08-06,FZS_MYTH,FZS_MYTH_4,2819
2020-08-06,FZS_OHM*,FZS_OHM*_4,5769
2020-08-06,FZS_ZEHN,FZS_ZEHN_4,983
2020-08-07,FZS_ALT*,FZS_ALT*_5,2827
2020-08-07,FZS_ARBO,FZS_ARBO_5,6627
2020-08-07,FZS_KATZ,FZS_KATZ_5,1350
2020-08-07,FZS_LAN*,FZS_LAN*_5,14075
2020-08-07,FZS_LIMM,FZS_LIMM_5,5353
2020-08-07,FZS_MILI,FZS_MILI_5,3509
2020-08-07,FZS_MYTH,FZS_MYTH_5,3678
2020-08-07,FZS_OHM*,FZS_OHM*_5,4899
2020-08-07,FZS_ZEHN,FZS_ZEHN_5,1019
2020-08-08,FZS_ALT*,FZS_ALT*_6,1992
2020-08-08,FZS_ARBO,FZS_ARBO_6,7269
2020-08-08,FZS_KATZ,FZS_KATZ_6,1222
2020-08-08,FZS_LAN*,FZS_LAN*_6,13901
2020-08-08,FZS_LIMM,FZS_LIMM_6,6328
2020-08-08,FZS_MILI,FZS_MILI_6,2604
2020-08-08,FZS_MYTH,FZS_MYTH_6,4360
2020-08-08,FZS_OHM*,FZS_OHM*_6,3534
2020-08-08,FZS_ZEHN,FZS_ZEHN_6,1011
2020-08-09,FZS_ALT*,FZS_ALT*_7,1671
2020-08-09,FZS_ARBO,FZS_ARBO_7,6389
2020-08-09,FZS_KATZ,FZS_KATZ_7,1682
2020-08-09,FZS_LAN*,FZS_LAN*_7,11128
2020-08-09,FZS_LIMM,FZS_LIMM_7,3345
2020-08-09,FZS_MILI,FZS_MILI_7,1474
2020-08-09,FZS_MYTH,FZS_MYTH_7,5648
2020-08-09,FZS_OHM*,FZS_OHM*_7,1288
2020-08-09,FZS_ZEHN,FZS_ZEHN_7,477
2020-08-10,FZS_ALT*,FZS_ALT*_1,2582
2020-08-10,FZS_ARBO,FZS_ARBO_1,5321
2020-08-10,FZS_KATZ,FZS_KATZ_1,1238
2020-08-10,FZS_LAN*,FZS_LAN*_1,13367
2020-08-10,FZS_LIMM,FZS_LIMM_1,4294
2020-08-10,FZS_MILI,FZS_MILI_1,2979
2020-08-10,FZS_MYTH,FZS_MYTH_1,3497
2020-08-10,FZS_OHM*,FZS_OHM*_1,3708
2020-08-10,FZS_ZEHN,FZS_ZEHN_1,1010
2020-08-11,FZS_ALT*,FZS_ALT*_2,2824
2020-08-11,FZS_ARBO,FZS_ARBO_2,5095
2020-08-11,FZS_KATZ,FZS_KATZ_2,1410
2020-08-11,FZS_LAN*,FZS_LAN*_2,13551
2020-08-11,FZS_LIMM,FZS_LIMM_2,5042
2020-08-11,FZS_MILI,FZS_MILI_2,3286
2020-08-11,FZS_MYTH,FZS_MYTH_2,3870
2020-08-11,FZS_OHM*,FZS_OHM*_2,3052
2020-08-11,FZS_ZEHN,FZS_ZEHN_2,930
2020-08-12,FZS_ALT*,FZS_ALT*_3,2506
2020-08-12,FZS_ARBO,FZS_ARBO_3,3889
2020-08-12,FZS_KATZ,FZS_KATZ_3,1536
2020-08-12,FZS_LAN*,FZS_LAN*_3,14286
2020-08-12,FZS_LIMM,FZS_LIMM_3,4585
2020-08-12,FZS_MILI,FZS_MILI_3,3279
2020-08-12,FZS_MYTH,FZS_MYTH_3,4081
2020-08-12,FZS_OHM*,FZS_OHM*_3,3023
2020-08-12,FZS_ZEHN,FZS_ZEHN_3,939
2020-08-13,FZS_ALT*,FZS_ALT*_4,2738
2020-08-13,FZS_ARBO,FZS_ARBO_4,3320
2020-08-13,FZS_KATZ,FZS_KATZ_4,1032
2020-08-13,FZS_LAN*,FZS_LAN*_4,13264
2020-08-13,FZS_LIMM,FZS_LIMM_4,4769
2020-08-13,FZS_MILI,FZS_MILI_4,3328
2020-08-13,FZS_MYTH,FZS_MYTH_4,1138
2020-08-13,FZS_OHM*,FZS_OHM*_4,3875
2020-08-13,FZS_ZEHN,FZS_ZEHN_4,899
2020-08-14,FZS_ALT*,FZS_ALT*_5,2731
2020-08-14,FZS_ARBO,FZS_ARBO_5,3346
2020-08-14,FZS_KATZ,FZS_KATZ_5,1015
2020-08-14,FZS_LAN*,FZS_LAN*_5,15012
2020-08-14,FZS_LIMM,FZS_LIMM_5,5172
2020-08-14,FZS_MILI,FZS_MILI_5,3624
2020-08-14,FZS_MYTH,FZS_MYTH_5,1024
2020-08-14,FZS_OHM*,FZS_OHM*_5,4190
2020-08-14,FZS_ZEHN,FZS_ZEHN_5,964
2020-08-15,FZS_ALT*,FZS_ALT*_6,2035
2020-08-15,FZS_ARBO,FZS_ARBO_6,7350
2020-08-15,FZS_KATZ,FZS_KATZ_6,1386
2020-08-15,FZS_LAN*,FZS_LAN*_6,14704
2020-08-15,FZS_LIMM,FZS_LIMM_6,7235
2020-08-15,FZS_MILI,FZS_MILI_6,2958
2020-08-15,FZS_MYTH,FZS_MYTH_6,3993
2020-08-15,FZS_OHM*,FZS_OHM*_6,4056
2020-08-15,FZS_ZEHN,FZS_ZEHN_6,1060
2020-08-16,FZS_ALT*,FZS_ALT*_7,1756
2020-08-16,FZS_ARBO,FZS_ARBO_7,6488
2020-08-16,FZS_KATZ,FZS_KATZ_7,1885
2020-08-16,FZS_LAN*,FZS_LAN*_7,10868
2020-08-16,FZS_LIMM,FZS_LIMM_7,3270
2020-08-16,FZS_MILI,FZS_MILI_7,1450
2020-08-16,FZS_MYTH,FZS_MYTH_7,5616
2020-08-16,FZS_OHM*,FZS_OHM*_7,1341
2020-08-16,FZS_ZEHN,FZS_ZEHN_7,499
2020-08-17,FZS_ALT*,FZS_ALT*_1,2888
2020-08-17,FZS_ARBO,FZS_ARBO_1,2781
2020-08-17,FZS_KATZ,FZS_KATZ_1,899
2020-08-17,FZS_LAN*,FZS_LAN*_1,12039
2020-08-17,FZS_LIMM,FZS_LIMM_1,4030
2020-08-17,FZS_MILI,FZS_MILI_1,2586
2020-08-17,FZS_MYTH,FZS_MYTH_1,608
2020-08-17,FZS_OHM*,FZS_OHM*_1,4593
2020-08-17,FZS_ZEHN,FZS_ZEHN_1,956
2020-08-18,FZS_ALT*,FZS_ALT*_2,3086
2020-08-18,FZS_ARBO,FZS_ARBO_2,3700
2020-08-18,FZS_KATZ,FZS_KATZ_2,1072
2020-08-18,FZS_LAN*,FZS_LAN*_2,14387
2020-08-18,FZS_LIMM,FZS_LIMM_2,4482
2020-08-18,FZS_MILI,FZS_MILI_2,3616
2020-08-18,FZS_MYTH,FZS_MYTH_2,1096
2020-08-18,FZS_OHM*,FZS_OHM*_2,5337
2020-08-18,FZS_ZEHN,FZS_ZEHN_2,1091
2020-08-19,FZS_ALT*,FZS_ALT*_3,1335
2020-08-19,FZS_ARBO,FZS_ARBO_3,4152
2020-08-19,FZS_KATZ,FZS_KATZ_3,4253
2020-08-19,FZS_LAN*,FZS_LAN*_3,14884
2020-08-19,FZS_LIMM,FZS_LIMM_3,4567
2020-08-19,FZS_MILI,FZS_MILI_3,3568
2020-08-19,FZS_MYTH,FZS_MYTH_3,1910
2020-08-19,FZS_OHM*,FZS_OHM*_3,5078
2020-08-19,FZS_ZEHN,FZS_ZEHN_3,986
2020-08-20,FZS_ALT*,FZS_ALT*_4,13
2020-08-20,FZS_ARBO,FZS_ARBO_4,5898
2020-08-20,FZS_KATZ,FZS_KATZ_4,1875
2020-08-20,FZS_LAN*,FZS_LAN*_4,15392
2020-08-20,FZS_LIMM,FZS_LIMM_4,4844
2020-08-20,FZS_MILI,FZS_MILI_4,3581
2020-08-20,FZS_MYTH,FZS_MYTH_4,3035
2020-08-20,FZS_OHM*,FZS_OHM*_4,4128
2020-08-20,FZS_ZEHN,FZS_ZEHN_4,1148
2020-08-21,FZS_ALT*,FZS_ALT*_5,0
2020-08-21,FZS_ARBO,FZS_ARBO_5,5472
2020-08-21,FZS_KATZ,FZS_KATZ_5,1270
2020-08-21,FZS_LAN*,FZS_LAN*_5,15818
2020-08-21,FZS_LIMM,FZS_LIMM_5,4964
2020-08-21,FZS_MILI,FZS_MILI_5,3226
2020-08-21,FZS_MYTH,FZS_MYTH_5,4611
2020-08-21,FZS_OHM*,FZS_OHM*_5,3860
2020-08-21,FZS_ZEHN,FZS_ZEHN_5,1131
2020-08-22,FZS_ALT*,FZS_ALT*_6,0
2020-08-22,FZS_ARBO,FZS_ARBO_6,4325
2020-08-22,FZS_KATZ,FZS_KATZ_6,656
2020-08-22,FZS_LAN*,FZS_LAN*_6,14809
2020-08-22,FZS_LIMM,FZS_LIMM_6,5469
2020-08-22,FZS_MILI,FZS_MILI_6,2597
2020-08-22,FZS_MYTH,FZS_MYTH_6,898
2020-08-22,FZS_OHM*,FZS_OHM*_6,4029
2020-08-22,FZS_ZEHN,FZS_ZEHN_6,948
